city,state,population,lat,lng
Anchor Point,AK,2057.0,59.7703,-151.7052
Anchorage,AK,253421.0,61.1508,-149.1091
Barrow,AK,4178.0,,
Big Lake,AK,3136.0,61.526,-149.9721
Copper Center,AK,397.0,61.9845,-145.3544
Fairbanks,AK,64732.0,64.8353,-147.6534
Houston,AK,2347.0,61.6159,-149.8003
Juneau,AK,25180.0,58.4546,-134.1739
Kasilof,AK,483.0,60.331,-151.2293
Kenai Peninsula,AK,4178.0,,
Nikolaevsk,AK,279.0,59.8295,-151.5964
North Pole,AK,2101.0,64.753,-147.36
Palmer,AK,7209.0,61.5971,-149.1147
Pilot Station,AK,620.0,61.9422,-162.8828
Seward,AK,2831.0,60.1124,-149.3925
Spenard,AK,4178.0,,
Wasilla,AK,10151.0,61.577,-149.4661
Abbeville,AL,2567.0,31.5664,-85.2528
Albertville,AL,37220.0,34.2634,-86.2107
Anniston,AL,75169.0,33.6713,-85.8136
Arab,AL,8244.0,34.3309,-86.4991
Ariton,AL,739.0,31.5978,-85.7131
Ashville,AL,2291.0,33.8331,-86.2698
Atmore,AL,6368.0,31.0927,-87.4763
Baldwin County,AL,4178.0,,
Barnwell,AL,4178.0,,
Bay Minette,AL,8532.0,30.893,-87.7912
Birmingham,AL,744189.0,33.5277,-86.7987
Brooksville,AL,4178.0,,
Chunchula,AL,158.0,30.9237,-88.2072
Citronelle,AL,3900.0,31.0952,-88.2467
Clanton,AL,5876.0,32.8439,-86.623
Clay,AL,9599.0,33.698,-86.6066
Coden,AL,4178.0,,
Crenshaw County,AL,4178.0,,
Dadeville,AL,3106.0,32.8326,-85.7675
Daphne,AL,69065.0,30.6286,-87.8866
Deer Park,AL,81.0,31.2198,-88.3226
Demopolis,AL,5907.0,32.498,-87.8298
Eastaboga,AL,4178.0,,
Eclectic,AL,1020.0,32.6387,-86.0386
Elkmont,AL,473.0,34.9291,-86.9767
Eufaula,AL,8727.0,31.9102,-85.1505
Fairhope,AL,20935.0,30.522,-87.8816
Florence,AL,78112.0,34.8303,-87.6654
Gadsden,AL,61656.0,34.009,-86.0156
Gordo,AL,1644.0,33.322,-87.904
Hamilton,AL,6646.0,34.1346,-87.9755
Hanceville,AL,3352.0,34.0634,-86.7652
Haynesville,AL,4178.0,,
Homewood,AL,25476.0,33.4617,-86.8092
Hoover,AL,84920.0,33.3754,-86.8065
Huntsville,AL,309716.0,34.6988,-86.6412
Jackson County,AL,4178.0,,
Jacksonville,AL,12612.0,33.8088,-85.7544
Killeen,AL,4178.0,,
Lawrence County,AL,4178.0,,
Leeds,AL,12031.0,33.5429,-86.5636
Luverne,AL,2770.0,31.7186,-86.2687
Macon County,AL,4178.0,,
Madison,AL,48861.0,34.7114,-86.7626
Meridianville,AL,6731.0,34.8729,-86.5722
Millbrook,AL,15318.0,32.5035,-86.3728
Mobile,AL,318084.0,30.6782,-88.1163
Monroeville,AL,4395.0,31.5162,-87.3279
Montgomery,AL,255908.0,32.3473,-86.2666
Morris,AL,1970.0,33.7467,-86.8036
Muscle Shoals,AL,14022.0,34.7435,-87.6343
Ohatchee,AL,1157.0,33.7877,-86.0278
Opelika,AL,30240.0,32.6621,-85.3772
Opp,AL,4668.0,31.2848,-86.257
Oxford,AL,21180.0,33.5966,-85.869
Ozark,AL,11678.0,31.4508,-85.6473
Pell City,AL,11952.0,33.5609,-86.2668
Phenix City,AL,36219.0,32.4588,-85.0251
Piedmont,AL,3471.0,33.9267,-85.6157
Prichard,AL,21732.0,30.7735,-88.1301
Rainbow City,AL,9555.0,33.9337,-86.0922
Ranburne,AL,404.0,33.5259,-85.339
Saraland,AL,14576.0,30.8457,-88.099
Selma,AL,21083.0,32.4166,-87.0336
Semmes,AL,4934.0,30.7886,-88.2342
Sylacauga,AL,17307.0,33.1779,-86.2606
Talladega,AL,13277.0,33.4329,-86.0976
Tuscaloosa,AL,154204.0,33.2348,-87.5266
Tuscumbia,AL,8398.0,34.7204,-87.7035
Vestavia Hills,AL,34291.0,33.4518,-86.7438
Washington County,AL,4178.0,,
Westover,AL,1682.0,33.3692,-86.5354
Alexander,AR,3057.0,34.6185,-92.4512
Atkins,AR,3038.0,35.2414,-92.9465
Austin,AR,3282.0,35.0069,-91.9896
Batesville,AR,12050.0,35.7687,-91.6226
Benton,AR,35789.0,34.5771,-92.5715
Bentonville,AR,49298.0,36.355,-94.2299
Blytheville,AR,16388.0,35.9322,-89.9051
Bryant,AR,20194.0,34.6152,-92.4912
Bull Shoals,AR,1944.0,36.3747,-92.5902
Cabot,AR,26141.0,34.9764,-92.0273
Clarksville,AR,7664.0,35.4569,-93.4803
Desha,AR,4178.0,,
Dover,AR,1407.0,35.391,-93.1143
England,AR,2683.0,34.5459,-91.969
Farmington,AR,6893.0,36.037,-94.2537
Fayetteville,AR,341890.0,36.0713,-94.166
Formosa,AR,4178.0,,
Forrest City,AR,12728.0,35.0102,-90.7874
Fort Smith,AR,125562.0,35.3493,-94.3695
Hackett,AR,825.0,35.1877,-94.4107
Helena,AR,4178.0,,
Helena-West Helena,AR,9864.0,34.5314,-90.6201
Jacksonville,AR,28513.0,34.8807,-92.1302
Jonesboro,AR,73788.0,35.8211,-90.6793
Little Rock,AR,442699.0,34.7255,-92.358
London,AR,1051.0,35.328,-93.2417
Lone Rock,AR,4178.0,,
Lowell,AR,9215.0,36.2563,-94.1518
Magnolia,AR,10339.0,33.2774,-93.2261
Manila,AR,3064.0,35.8848,-90.1648
Marion,AR,12440.0,35.2041,-90.2061
Mena,AR,5339.0,34.581,-94.2374
Mississippi County,AR,4178.0,,
Mountain Pine,AR,773.0,34.5693,-93.1726
Mulberry,AR,1641.0,35.5102,-94.0734
North Little Rock,AR,65911.0,34.7807,-92.2372
Ozark,AR,3090.0,35.4995,-93.8431
Perryville,AR,1436.0,35.012,-92.803
Pine Bluff,AR,46850.0,34.2116,-92.0178
Pope County,AR,4178.0,,
Rector,AR,1799.0,36.2642,-90.2936
Romance,AR,4178.0,,
Rose Bud,AR,487.0,35.325,-92.0812
Russellville,AR,34373.0,35.2763,-93.1383
Searcy County,AR,4178.0,,
Sheridan,AR,4731.0,34.2996,-92.4225
Shirley,AR,276.0,35.6442,-92.3137
Sims,AR,4178.0,,
Springdale,AR,79599.0,36.1898,-94.1573
St. Francis County,AR,4178.0,,
Stone County,AR,4178.0,,
Strong,AR,520.0,33.1079,-92.3598
Trumann,AR,6951.0,35.6761,-90.5231
Van Buren,AR,23509.0,35.448,-94.3529
Warren,AR,5463.0,33.6113,-92.0678
West Memphis,AR,24860.0,35.1531,-90.1995
Yellville,AR,1159.0,36.2289,-92.686
Ahwatukee,AZ,4178.0,,
Apache Junction,AZ,40538.0,33.3985,-111.5351
Avondale,AZ,217192.0,33.3858,-112.3236
Bisbee,AZ,5160.0,31.4126,-109.9178
Buckeye,AZ,68453.0,33.4314,-112.6429
Bullhead City,AZ,49531.0,35.1205,-114.546
Casa Grande,AZ,58632.0,32.9068,-111.7624
Chandler,AZ,253458.0,33.2827,-111.8517
Chinle,AZ,5698.0,36.1504,-109.5793
Clarkdale,AZ,4330.0,34.7501,-112.0549
Cottonwood,AZ,12023.0,34.7194,-112.0015
Douglas,AZ,16438.0,31.3602,-109.5394
Eagar,AZ,6089.0,34.1058,-109.2956
Ehrenberg,AZ,844.0,33.6174,-114.4883
El Mirage,AZ,35216.0,33.5905,-112.3271
Flagstaff,AZ,78628.0,35.1872,-111.6195
Florence,AZ,16935.0,33.059,-111.4209
Gilbert,AZ,242354.0,33.3103,-111.7463
Glendale,AZ,246709.0,33.5797,-112.2258
Globe,AZ,13198.0,33.3869,-110.7514
Golden Shores,AZ,1294.0,34.7819,-114.4777
Golden Valley,AZ,8694.0,35.206,-114.2327
Goodyear,AZ,79858.0,33.2614,-112.3622
Grand Canyon Caverns,AZ,4178.0,,
Kearny,AZ,2095.0,33.0564,-110.9074
Kingman,AZ,44212.0,35.217,-114.0105
La Paz County,AZ,4178.0,,
Lake Havasu,AZ,4178.0,,
Lake Havasu City,AZ,55341.0,34.5006,-114.3113
Marana,AZ,44792.0,32.4355,-111.1558
Maricopa,AZ,46741.0,33.0404,-112.0006
Mesa,AZ,496401.0,33.4017,-111.7181
Morenci,AZ,1689.0,33.0531,-109.3307
Parker,AZ,4730.0,34.0286,-114.2224
Parks,AZ,1652.0,35.2939,-111.9771
Paulden,AZ,5064.0,34.8899,-112.4938
Peoria,AZ,168181.0,33.7844,-112.299
Phoenix,AZ,4081849.0,33.5722,-112.0891
Picture Rocks,AZ,8666.0,32.3274,-111.2558
Pima,AZ,2513.0,32.8886,-109.8437
Pima County,AZ,4178.0,,
Pinetop,AZ,4178.0,,
Pinetop-Lakeside,AZ,4361.0,34.1486,-109.9658
Prescott,AZ,42731.0,34.585,-112.4475
Quartzsite,AZ,3357.0,33.6675,-114.217
Red Valley,AZ,4178.0,,
Salt River Reservation,AZ,4178.0,,
San Manuel,AZ,3714.0,32.6091,-110.6415
Scottsdale,AZ,249950.0,33.6872,-111.8651
Sedona,AZ,6967.0,34.8574,-111.7951
Show Low,AZ,10837.0,34.2671,-110.0384
Sierra Vista,AZ,51571.0,31.563,-110.3153
Somerton,AZ,19168.0,32.6009,-114.699
Sun City,AZ,39000.0,33.6165,-112.2819
Surprise,AZ,134085.0,33.68,-112.4524
Tempe,AZ,185038.0,33.3881,-111.9318
Three Points,AZ,5453.0,32.0596,-111.2865
Tolleson,AZ,7205.0,33.4484,-112.2561
Tonalea,AZ,335.0,36.3218,-110.9667
Tucson,AZ,868391.0,32.1545,-110.8782
Tuscson,AZ,4178.0,,
Wilhoit,AZ,870.0,34.4083,-112.6156
Winslow,AZ,9508.0,35.0252,-110.7098
Youngtown,AZ,6760.0,33.5846,-112.3047
Yuma,AZ,138802.0,32.5991,-114.5488
Adelanto,CA,34066.0,34.5815,-117.4397
Aguanga,CA,830.0,33.4522,-116.8555
Alhambra,CA,85396.0,34.084,-118.1355
Alpine,CA,14795.0,32.8439,-116.7585
Anaheim,CA,352497.0,33.839,-117.8573
Anderson,CA,10370.0,40.451,-122.2962
Antelope,CA,47728.0,38.7153,-121.361
Antioch,CA,302885.0,37.9789,-121.7957
Apple Valley,CA,73077.0,34.5328,-117.2104
Arcata,CA,33806.0,40.8615,-124.0757
Artesia,CA,16904.0,33.8676,-118.0806
Ashland,CA,24477.0,37.6942,-122.1159
Atascadero,CA,30418.0,35.4827,-120.6858
Atwater,CA,29397.0,37.3543,-120.5981
Auburn,CA,34818.0,38.895,-121.0777
Avenal,CA,12425.0,36.0312,-120.116
Azusa,CA,49864.0,34.1386,-117.9124
Bakersfield,CA,574362.0,35.353,-119.0359
Baldwin Hills,CA,4178.0,,
Banning,CA,31230.0,33.9461,-116.8991
Barona Indian Reservation,CA,4178.0,,
Barstow,CA,30606.0,34.8661,-117.0472
Bassett,CA,4178.0,,
Beaumont,CA,46967.0,33.907,-116.9762
Bell,CA,35811.0,33.9801,-118.1798
Bell Gardens,CA,42747.0,33.9663,-118.155
Bellflower,CA,77772.0,33.888,-118.1271
Big Sur,CA,4178.0,,
Boulder Creek,CA,4359.0,37.1341,-122.1271
Boyle Heights,CA,4178.0,,
Brawley,CA,26472.0,32.9783,-115.5288
Brea,CA,42777.0,33.9254,-117.8654
Burbank,CA,104834.0,34.1879,-118.3235
Butte County,CA,4178.0,,
Byron,CA,1480.0,37.8756,-121.6421
Cabazon,CA,3928.0,33.9127,-116.7828
Calabasas,CA,24202.0,34.1375,-118.6689
Calaveras County,CA,4178.0,,
Calexico,CA,40351.0,32.6849,-115.4944
Calimesa,CA,8817.0,33.9874,-117.0542
Camarillo,CA,74682.0,34.223,-119.0322
Campo,CA,2971.0,32.6394,-116.4745
Carmichael,CA,65091.0,38.6337,-121.323
Carson,CA,92735.0,33.8374,-118.2559
Castaic,CA,19299.0,34.4818,-118.6317
Cathedral City,CA,54596.0,33.8363,-116.4642
Ceres,CA,48697.0,37.5953,-120.9625
Cerritos,CA,51020.0,33.8677,-118.0686
Charleston View,CA,4178.0,,
Chatsworth,CA,4178.0,,
Chico,CA,106268.0,39.7575,-121.8152
Chino,CA,89797.0,33.9836,-117.6654
Chino Hills,CA,80374.0,33.9507,-117.7253
Chowchilla,CA,11740.0,37.1095,-120.2349
Chula Vista,CA,270471.0,32.6281,-117.0145
Citrus Heights,CA,87931.0,38.6948,-121.288
City Terrace,CA,4178.0,,
Clearlake Oaks,CA,2275.0,39.0218,-122.6593
Clearlake Park,CA,4178.0,,
Cloverdale,CA,9362.0,38.7962,-123.0154
Clovis,CA,109691.0,36.8277,-119.6838
Coalinga,CA,15915.0,36.1432,-120.3266
Colton,CA,54828.0,34.0538,-117.3254
Compton,CA,97612.0,33.893,-118.2275
Concord,CA,654770.0,37.9722,-122.0016
Corning,CA,8473.0,39.9282,-122.182
Corona,CA,167836.0,33.862,-117.5641
Cottonwood,CA,3268.0,40.3904,-122.2861
Covina,CA,48462.0,34.0903,-117.8817
Crescent City,CA,15886.0,41.7727,-124.1902
Daly City,CA,107074.0,37.6863,-122.4684
Danville,CA,44786.0,37.8121,-121.9698
Davis,CA,76524.0,38.5552,-121.7365
Del Mar,CA,4363.0,32.9633,-117.2627
Delano,CA,54471.0,35.767,-119.2637
Delhi,CA,11622.0,37.4306,-120.7759
Desert Hot Springs,CA,43730.0,33.9551,-116.543
Dinuba,CA,24034.0,36.5453,-119.3987
Douglas City,CA,533.0,40.6636,-122.9261
Downey,CA,113092.0,33.9379,-118.1312
Duarte,CA,21757.0,34.1609,-117.9504
Dunsmuir,CA,1580.0,41.2319,-122.2714
Durham,CA,5819.0,39.6232,-121.7875
East Hollywood,CA,4178.0,,
East Los Angeles,CA,123905.0,34.0326,-118.1691
Edison,CA,4178.0,,
El Cajon,CA,103894.0,32.8017,-116.9604
El Centro,CA,112145.0,32.7867,-115.5586
El Cerrito,CA,25515.0,37.9197,-122.3025
El Monte,CA,116109.0,34.0739,-118.0291
El Sereno,CA,4178.0,,
Elk Grove,CA,171844.0,38.416,-121.384
Emeryville,CA,11758.0,37.8382,-122.2932
Encinitas,CA,63184.0,33.049,-117.2613
Escalon,CA,7615.0,37.7912,-120.9981
Escondido,CA,151969.0,33.1347,-117.0723
Eureka,CA,45010.0,40.7941,-124.1568
Fair Oaks,CA,30704.0,38.6504,-121.2497
Fairfield,CA,147582.0,38.2594,-122.0319
Florence,CA,4178.0,,
Fontana,CA,211815.0,34.0968,-117.4599
Foresthill,CA,1475.0,39.0053,-120.8313
Fountain Valley,CA,56313.0,33.7105,-117.9514
Fremont,CA,234962.0,37.5265,-121.9852
Fresno,CA,698021.0,36.7831,-119.7941
Fullerton,CA,140392.0,33.8841,-117.9279
Garden Grove,CA,174226.0,33.7787,-117.9601
Gardena,CA,60224.0,33.8944,-118.3073
Gilroy,CA,116235.0,37.0047,-121.5856
Glen Valley,CA,4178.0,,
Glendale,CA,203054.0,34.1818,-118.2468
Glendora,CA,52445.0,34.1449,-117.8467
Goleta,CA,31116.0,34.436,-119.8595
Grand Terrace,CA,12595.0,34.0312,-117.3132
Grass Valley,CA,34650.0,39.2237,-121.0521
Grover Beach,CA,13628.0,35.1204,-120.6199
Hacienda Heights,CA,54155.0,33.997,-117.9728
Half Moon Bay,CA,23540.0,37.4688,-122.4383
Hanford,CA,92066.0,36.3264,-119.6544
Happy Valley,CA,4178.0,,
Hawaiian Gardens,CA,14450.0,33.8303,-118.0728
Hawthorne,CA,87854.0,33.9146,-118.3476
Hayward,CA,160500.0,37.6328,-122.0772
Hemet,CA,176892.0,33.7341,-116.9969
Herald,CA,1125.0,38.2913,-121.2318
Hesperia,CA,94859.0,34.3975,-117.3147
Highgrove,CA,4302.0,34.0106,-117.3098
Highland,CA,55342.0,34.1113,-117.1654
Hollywood,CA,4178.0,,
Hollywood Hills,CA,4178.0,,
Home Garden,CA,1881.0,36.303,-119.637
Hope Ranch,CA,4178.0,,
Huntington Beach,CA,201874.0,33.696,-118.0025
Huntington Park,CA,58822.0,33.98,-118.2167
Huron,CA,7311.0,36.204,-120.0961
Imperial County,CA,4178.0,,
Indio,CA,408097.0,33.7346,-116.2346
Industry,CA,204.0,34.0175,-117.9268
Inglewood,CA,110598.0,33.9566,-118.3444
Inyokern,CA,731.0,35.6546,-117.8213
Irvine,CA,277453.0,33.6772,-117.7738
Jamestown,CA,2618.0,37.9574,-120.411
Joshua Tree,CA,7020.0,34.1236,-116.3128
Jurupa Valley,CA,106028.0,34.001,-117.4706
Kings County,CA,4178.0,,
La Habra,CA,62466.0,33.9278,-117.9513
La Mirada,CA,49095.0,33.9025,-118.0093
La Quinta,CA,41304.0,33.6536,-116.2785
Ladera Heights,CA,7081.0,33.9972,-118.374
Laguna Niguel,CA,66334.0,33.5275,-117.705
Laguna Woods,CA,16200.0,33.6099,-117.7299
Lake Elsinore,CA,66411.0,33.6846,-117.3344
Lake Forest,CA,84293.0,33.6606,-117.6712
Lakewood,CA,80967.0,33.8471,-118.1221
Lamont,CA,15597.0,35.2651,-118.9159
Lancaster,CA,349218.0,34.6934,-118.1753
Lemon Grove,CA,27108.0,32.7331,-117.0344
Lemoore,CA,26355.0,36.296,-119.7983
Lincoln,CA,47674.0,38.8759,-121.2916
Linda,CA,19072.0,39.1242,-121.5421
Livermore,CA,91030.0,37.6861,-121.7608
Lodi,CA,72890.0,38.1218,-121.2933
Lompoc,CA,52856.0,34.6618,-120.4714
Long Beach,CA,469450.0,33.798,-118.1675
Los Angeles,CA,12815475.0,34.1139,-118.4068
Los Banos,CA,39122.0,37.0631,-120.8405
Lynwood,CA,71099.0,33.924,-118.2017
Madera,CA,83636.0,36.964,-120.0803
Madera County,CA,4178.0,,
Marina,CA,22145.0,36.6812,-121.7894
Martinez,CA,38373.0,37.9985,-122.116
Marysville,CA,12413.0,39.1518,-121.5836
Maywood,CA,27586.0,33.9885,-118.1877
McKinneyville,CA,4178.0,,
Meadow Vista,CA,3448.0,39.0029,-121.0304
Mecca,CA,7893.0,33.5767,-116.0645
Menifee,CA,90595.0,33.6909,-117.1849
Merced,CA,144117.0,37.3057,-120.4779
Milpitas,CA,78106.0,37.434,-121.8921
Modesto,CA,381398.0,37.6374,-121.0028
Mojave,CA,4222.0,35.0139,-118.1895
Montclair,CA,39276.0,34.0714,-117.6981
Montebello,CA,63192.0,34.0155,-118.1108
Monterey,CA,28639.0,36.5922,-121.8807
Monterey Park,CA,61044.0,34.0497,-118.1326
Moreno Valley,CA,207226.0,33.9244,-117.2045
Murrieta,CA,483681.0,33.572,-117.1909
Muscoy,CA,12968.0,34.1548,-117.3482
Napa,CA,87032.0,38.2976,-122.3011
Napa Valley,CA,4178.0,,
Natomas,CA,4178.0,,
Needles,CA,8807.0,34.8164,-114.6189
Newark,CA,47531.0,37.5204,-122.0312
Newman,CA,11360.0,37.3157,-121.0211
Newport Beach,CA,86160.0,33.6151,-117.8669
Nice,CA,2496.0,39.1266,-122.8525
Nipton,CA,4178.0,,
Norco,CA,26761.0,33.9253,-117.55
North Hills,CA,4178.0,,
North Hollywood,CA,4178.0,,
Norwalk,CA,106084.0,33.9069,-118.0829
Oak Park,CA,14440.0,34.1849,-118.7669
Oak View,CA,4472.0,34.399,-119.2976
Oakland,CA,425195.0,37.7903,-122.2165
Oceanside,CA,176193.0,33.2247,-117.3083
Olivehurst,CA,13500.0,39.0817,-121.5549
Olympic Valley,CA,4178.0,,
Ono,CA,4178.0,,
Ontario,CA,175841.0,34.0393,-117.6064
Orange,CA,140560.0,33.8038,-117.8218
Orcutt,CA,30001.0,34.8668,-120.4269
Orosi,CA,7760.0,36.5434,-119.2903
Oroville,CA,45655.0,39.4999,-121.5634
Oxnard,CA,389792.0,34.1962,-119.1819
Pacific Beach,CA,4178.0,,
Palermo,CA,5713.0,39.4313,-121.5226
Palm Desert,CA,52932.0,33.7378,-116.3695
Palm Springs,CA,48142.0,33.8017,-116.5382
Palmdale,CA,157519.0,34.5944,-118.1057
Palo Alto,CA,67178.0,37.3913,-122.1467
Panorama City,CA,4178.0,,
Paradise,CA,35337.0,39.7558,-121.6063
Pasadena,CA,142647.0,34.1597,-118.139
Paso Robles,CA,4178.0,,
Perris,CA,77879.0,33.7899,-117.2233
Pico Rivera,CA,63522.0,33.9902,-118.0888
Pinion Hills,CA,4178.0,,
Pittsburg,CA,72141.0,38.0185,-121.897
Pleasanton,CA,83007.0,37.6663,-121.8805
Point Loma,CA,4178.0,,
Pomona,CA,152939.0,34.0585,-117.7626
Porterville,CA,76729.0,36.0644,-119.0338
Poway,CA,50041.0,32.9872,-117.0201
Rancho Cordova,CA,73563.0,38.574,-121.2523
Rancho Mirage,CA,18306.0,33.7634,-116.4271
Rancho Santa Margarita,CA,48793.0,33.6317,-117.5989
Rancho Tehama Reserve,CA,2259.0,40.001,-122.4418
Red Bluff,CA,18709.0,40.1735,-122.2413
Redding,CA,120270.0,40.5698,-122.365
Redlands,CA,71554.0,34.0511,-117.1712
Redondo Beach,CA,67908.0,33.8574,-118.3766
Redwood City,CA,86685.0,37.5026,-122.2252
Reseda,CA,4178.0,,
Rialto,CA,103562.0,34.1175,-117.3894
Richmond,CA,110040.0,37.9477,-122.339
Ripon,CA,15677.0,37.7415,-121.1309
Riverbank,CA,24740.0,37.7268,-120.9402
Riverside,CA,2084749.0,33.9381,-117.3948
Rocklin,CA,64838.0,38.8075,-121.2488
Rosamond,CA,20024.0,34.8658,-118.2154
Rosemead,CA,54554.0,34.0688,-118.0823
Roseville,CA,135329.0,38.7691,-121.3178
Sacramento,CA,1854698.0,38.5667,-121.4683
Salinas,CA,193590.0,36.6884,-121.6317
San Bernardino,CA,216995.0,34.1417,-117.2945
San Diego,CA,3210314.0,32.8312,-117.1225
San Diego County,CA,4178.0,,
San Fernando,CA,24714.0,34.2886,-118.4363
San Francisco,CA,3603761.0,37.7562,-122.443
San Gabriel,CA,40514.0,34.0948,-118.099
San Jose,CA,1821899.0,37.3021,-121.8489
San Leandro,CA,90553.0,37.7071,-122.1601
San Marcos,CA,96198.0,33.135,-117.1743
San Mateo,CA,104748.0,37.5522,-122.3122
San Ysidro,CA,4178.0,,
Sand City,CA,387.0,36.6189,-121.8478
Santa Ana,CA,334136.0,33.7366,-117.8819
Santa Barbara,CA,204034.0,34.4285,-119.7202
Santa Clara,CA,127134.0,37.3646,-121.968
Santa Clarita,CA,309378.0,34.4155,-118.4992
Santa Cruz,CA,177556.0,36.9789,-122.0346
Santa Maria,CA,140219.0,34.9333,-120.4432
Santa Monica,CA,92306.0,34.0232,-118.4813
Santa Nella,CA,1976.0,37.1014,-121.0153
Santa Paula,CA,30747.0,34.3521,-119.0698
Santa Rosa,CA,321908.0,38.4458,-122.7067
Santee,CA,58113.0,32.8554,-116.9851
Saratoga,CA,30905.0,37.2684,-122.0263
Seaside,CA,118110.0,36.6224,-121.8191
Selma,CA,44626.0,36.5744,-119.6156
Shafter,CA,20889.0,35.4794,-119.2013
Sherman Oaks,CA,4178.0,,
Siskiyou County,CA,4178.0,,
Smartsville,CA,140.0,39.2053,-121.2928
Solvang,CA,16741.0,34.5936,-120.1401
South El Monte,CA,20987.0,34.0493,-118.0484
South Gate,CA,95430.0,33.9448,-118.1926
South Lake Tahoe,CA,29890.0,38.9393,-119.9828
South Los Angeles,CA,4178.0,,
Stanton,CA,38528.0,33.8002,-117.9935
Stockton,CA,394467.0,37.9766,-121.3111
Studio City,CA,4178.0,,
Sunnyvale,CA,153656.0,37.3836,-122.0257
Sylmar,CA,4178.0,,
Tehachapi,CA,14491.0,35.127,-118.475
Tehama County,CA,4178.0,,
Temecula,CA,114327.0,33.4928,-117.1315
Thousand Oaks,CA,218729.0,34.1914,-118.8755
Torrance,CA,146758.0,33.8346,-118.3417
Tulare,CA,63855.0,36.1996,-119.3401
Turlock,CA,107208.0,37.5053,-120.8587
Tustin,CA,80498.0,33.7309,-117.8106
Twentynine Palms,CA,13664.0,34.1478,-116.0659
Union City,CA,75343.0,37.603,-122.0187
University City,CA,4178.0,,
Vacaville,CA,100801.0,38.359,-121.968
Valinda,CA,25080.0,34.04,-117.9301
Vallejo,CA,173844.0,38.1133,-122.2359
Valley View,CA,4178.0,,
Van Nuys,CA,4178.0,,
Venice,CA,4178.0,,
Victorville,CA,346948.0,34.5277,-117.3536
Visalia,CA,234573.0,36.3276,-119.3269
Vista,CA,101568.0,33.1896,-117.2386
Walnut Creek,CA,69773.0,37.9025,-122.0398
Wasco,CA,26935.0,35.5938,-119.3671
Watsonsville,CA,4178.0,,
Watsonville,CA,77700.0,36.9206,-121.7706
Weitchpec,CA,4178.0,,
West Covina,CA,107598.0,34.0555,-117.9112
West Goshen,CA,618.0,36.349,-119.4516
Westminster,CA,91564.0,33.7523,-117.9938
Whittier,CA,86838.0,33.9678,-118.0188
Willits,CA,8031.0,39.4047,-123.3494
Wilmington,CA,4178.0,,
Winchester,CA,2721.0,33.7146,-117.0775
Windsor,CA,27548.0,38.5418,-122.8086
Woodville,CA,1770.0,36.0898,-119.205
Yorba Linda,CA,68229.0,33.889,-117.7713
Yreka,CA,7437.0,41.7292,-122.6311
Yuba City,CA,120186.0,39.1357,-121.6381
Yucca Valley,CA,25009.0,34.1234,-116.4216
Adams County,CO,4178.0,,
Alamosa,CO,10963.0,37.4755,-105.877
Arvada,CO,118807.0,39.8321,-105.1511
Aurora,CO,366623.0,39.7084,-104.7274
Avon,CO,6541.0,39.6445,-106.5133
Bailey,CO,4178.0,,
Boulder,CO,126054.0,40.0249,-105.2523
Brandon,CO,27.0,38.4464,-102.4412
Brighton,CO,40562.0,39.9716,-104.7964
Broomfield,CO,68341.0,39.9541,-105.0527
Cañon City,CO,4178.0,,
Centennial,CO,110250.0,39.5926,-104.8674
Clear Creek Canyon,CO,4178.0,,
Colorado City,CO,2316.0,37.9365,-104.8459
Colorado Springs,CO,623946.0,38.8674,-104.7606
Commerce City,CO,55923.0,39.8643,-104.8433
Denver,CO,2787266.0,39.7621,-104.8759
Dinosaur,CO,325.0,40.2405,-109.0086
Durango,CO,19662.0,37.2744,-107.8703
Eldorado Springs,CO,750.0,39.9367,-105.2625
Englewood,CO,34407.0,39.6468,-104.9942
Evans,CO,20470.0,40.366,-104.7389
Federal Heights,CO,12744.0,39.8651,-105.0154
Fort Collins,CO,303184.0,40.5475,-105.0651
Fort Lupton,CO,10019.0,40.0841,-104.8021
Fort Morgan,CO,13137.0,40.2539,-103.7919
Fountain,CO,29804.0,38.6888,-104.6829
Friendly Hills,CO,4178.0,,
Fruita,CO,13294.0,39.154,-108.7286
Glenwood Springs,CO,12000.0,39.5455,-107.3347
Golden,CO,20571.0,39.7406,-105.2118
Grand Junction,CO,136688.0,39.0877,-108.5673
Greeley,CO,133750.0,40.4151,-104.7705
Gunnison County,CO,4178.0,,
Hanover,CO,4178.0,,
Highlands Ranch,CO,105264.0,39.5419,-104.9708
Idaho Springs,CO,1782.0,39.7445,-105.5
LaSalle,CO,4178.0,,
Lakewood,CO,154958.0,39.6977,-105.1168
Larimer County,CO,4178.0,,
Lone Tree,CO,13566.0,39.5309,-104.871
Longmont,CO,99398.0,40.169,-105.0996
Loveland,CO,76701.0,40.4167,-105.0622
Montrose County,CO,4178.0,,
Monument,CO,7380.0,39.0736,-104.8468
Mountain View,CO,537.0,39.7748,-105.0567
New Castle,CO,5807.0,39.5785,-107.5262
North Fort Collins,CO,4178.0,,
Northglenn,CO,38928.0,39.9107,-104.9783
Orchard Mesa,CO,6380.0,39.0363,-108.5172
Park County,CO,4178.0,,
Parker,CO,54202.0,39.5084,-104.7755
Pleasant View,CO,4178.0,,
Pueblo,CO,142351.0,38.2713,-104.6105
Rangley,CO,4178.0,,
Rifle,CO,11038.0,39.5362,-107.772
Sedalia,CO,161.0,39.4396,-104.9698
Springfield,CO,1370.0,37.4049,-102.6189
Sterling,CO,15199.0,40.6207,-103.1919
Strasburg,CO,2888.0,39.7181,-104.3195
Thornton,CO,136978.0,39.9205,-104.9443
Trinidad,CO,8148.0,37.175,-104.4908
Valdez,CO,12.0,37.1239,-104.6794
Watkins,CO,643.0,39.6971,-104.5787
Westminister,CO,4178.0,,
Westminster,CO,112812.0,39.8837,-105.0624
Ansonia,CT,18813.0,41.3443,-73.0689
Bolton,CT,4884.0,,
Bridgeport,CT,938406.0,41.1918,-73.1953
Danbury,CT,177177.0,41.4016,-73.471
East Hartford,CT,49872.0,,
Fairfield,CT,62045.0,,
Hartford,CT,914751.0,41.7661,-72.6834
Manchester,CT,57584.0,,
Mashantucket,CT,235.0,41.4644,-71.9745
New Britain,CT,72710.0,41.6758,-72.7862
New Milford,CT,26805.0,,
Norwich,CT,203916.0,41.5495,-72.0882
Oakdale,CT,4178.0,,
Old Saybrook,CT,10061.0,,
Stamford,CT,130824.0,41.1035,-73.5583
Suffield,CT,15814.0,,
Thomaston,CT,7535.0,,
Waterbury,CT,191484.0,41.5583,-73.0361
West Haven,CT,54843.0,41.2739,-72.9672
Wethersfield,CT,26008.0,,
Washington,DC,5289420.0,38.9047,-77.0163
Claymont,DE,8707.0,39.8032,-75.4606
Dover,DE,115352.0,39.161,-75.5203
Frederica,DE,824.0,39.008,-75.4667
Lewes,DE,27087.0,38.7781,-75.1454
Middletown,DE,34132.0,39.4453,-75.7166
Milford,DE,20864.0,38.9091,-75.4224
New Castle,DE,5348.0,39.6685,-75.5692
Smyrna,DE,11584.0,39.2922,-75.6076
Wilmington,DE,71106.0,39.7415,-75.5413
Amelia Island,FL,4178.0,,
Apopka,FL,51564.0,28.7013,-81.5303
Auburndale,FL,15973.0,28.0962,-81.8011
Barberville,FL,4178.0,,
Bascom,FL,117.0,30.9278,-85.1181
Belle Glade,FL,27999.0,26.6919,-80.6672
Beverly Hills,FL,9144.0,28.9175,-82.4541
Boynton Beach,FL,77702.0,26.5281,-80.0811
Boyton Beach,FL,4178.0,,
Bradenton,FL,56508.0,27.49,-82.574
Brooksville,FL,8147.0,28.5405,-82.3903
Bruce,FL,4178.0,,
Bushnell,FL,4497.0,28.6856,-82.1159
Callahan,FL,1342.0,30.5619,-81.832
Cantonment,FL,4178.0,,
Cape Canaveral,FL,10413.0,28.3933,-80.605
Cape Coral,FL,630134.0,26.6445,-81.9955
Carollwood,FL,4178.0,,
Casselberry,FL,28395.0,28.6625,-81.3218
Citra,FL,4178.0,,
Clearwater,FL,115513.0,27.9788,-82.7624
Clermont,FL,35211.0,28.5403,-81.7296
Cocoa,FL,18532.0,28.382,-80.7674
Cocoa Beach,FL,11733.0,28.3326,-80.6274
Coleman,FL,852.0,28.8013,-82.0699
Coral Springs,FL,133037.0,26.2702,-80.2591
Crescent City,FL,2753.0,29.4375,-81.5173
Crystal Springs,FL,969.0,28.183,-82.1539
Dade City,FL,7134.0,28.3568,-82.1941
Davie,FL,105149.0,26.0789,-80.287
Daytona Beach,FL,68055.0,29.1994,-81.0982
DeLand,FL,32506.0,29.0224,-81.2873
Deland,FL,4178.0,,
Delray Beach,FL,68749.0,26.455,-80.0905
Deltona,FL,194061.0,28.905,-81.2136
Dundee,FL,4497.0,28.0115,-81.5995
Edgewater,FL,22399.0,28.962,-80.9415
Elkton,FL,4178.0,,
Englewood,FL,15169.0,26.9603,-82.3535
Eustis,FL,20827.0,28.856,-81.6781
Floral City,FL,5188.0,28.7065,-82.309
Florida City,FL,12155.0,25.4418,-80.4685
Fort Lauderdale,FL,180072.0,26.1412,-80.1464
Fort Myers,FL,79943.0,26.6195,-81.8303
Fort Pierce,FL,45581.0,27.4256,-80.343
Fort Walton Beach,FL,21895.0,30.4249,-86.6193
Fountain,FL,4178.0,,
Fruitland Park,FL,8181.0,28.8601,-81.9191
Ft. Lauderdale,FL,4178.0,,
Gainesville,FL,199695.0,29.6804,-82.3458
Gifford,FL,9683.0,27.6747,-80.4102
Grant-Valkaria,FL,4207.0,27.9322,-80.5655
Hallandale Beach,FL,39831.0,25.9854,-80.1423
Hernando,FL,8254.0,28.9451,-82.3781
Hialeah,FL,239673.0,25.8696,-80.3046
Hog Valley,FL,4178.0,,
Holiday,FL,20745.0,28.1864,-82.7429
Hollywood,FL,153627.0,26.0294,-80.1679
Homestead,FL,69907.0,25.4665,-80.4472
Immokalee,FL,25686.0,26.4253,-81.4251
Indialantic,FL,2894.0,28.087,-80.57
Indian River County,FL,4178.0,,
Indiantown,FL,5722.0,27.0375,-80.4913
Jacksonsville,FL,4178.0,,
Jacksonville,FL,1156291.0,30.3322,-81.6749
Jupiter,FL,64976.0,26.9199,-80.1128
Kendale Lakes,FL,59812.0,25.7081,-80.4078
Lady Lake,FL,15317.0,28.924,-81.93
Lake Asbury,FL,4178.0,,
Lake Mary,FL,16474.0,28.7592,-81.336
Lake Wales,FL,16066.0,27.9195,-81.5961
Lakeland,FL,291281.0,28.0557,-81.9545
Lakes Wales,FL,4178.0,,
Lantana,FL,11824.0,26.5834,-80.0564
Largo,FL,84754.0,27.9088,-82.7712
Lauderdale Lakes,FL,36069.0,26.1682,-80.2017
Lauderhill,FL,71970.0,26.1605,-80.2242
Lawtey,FL,723.0,30.0484,-82.0724
Lealman,FL,20755.0,27.8197,-82.6847
Leesburg,FL,148161.0,28.7658,-81.8995
Lehigh Acres,FL,116849.0,26.612,-81.6388
Little Havana,FL,4178.0,,
Loxahatchee,FL,4178.0,,
Manatee,FL,4178.0,,
Mandarin,FL,4178.0,,
Mascotte,FL,5616.0,28.611,-81.9106
Melbourne,FL,82011.0,28.1085,-80.6627
Mexico Beach,FL,1198.0,29.948,-85.4157
Miami,FL,6381966.0,25.7839,-80.2102
Miami Beach,FL,92307.0,25.8171,-80.1396
Miami Gardens,FL,113750.0,25.9433,-80.2426
Miami-Dade,FL,4178.0,,
Micanopy,FL,631.0,29.506,-82.2806
Middleburg,FL,13316.0,30.0502,-81.9011
Midway,FL,3326.0,30.4992,-84.4582
Milton,FL,9986.0,30.6286,-87.0522
Miramar,FL,140328.0,25.9773,-80.3351
Mulberry,FL,4118.0,27.9058,-81.9873
Naples,FL,21948.0,26.1505,-81.7936
Navarre,FL,34085.0,30.4174,-86.8907
Niceville,FL,15249.0,30.529,-86.4753
Nokomis,FL,3376.0,27.1227,-82.437
Noma,FL,206.0,30.9802,-85.6223
North Escambia,FL,4178.0,,
North Fort Myers,FL,40916.0,26.7243,-81.8491
North Miami Beach,FL,44124.0,25.9302,-80.166
North Port,FL,195992.0,27.0577,-82.1975
Oakland Park,FL,45035.0,26.178,-80.1528
Ocala,FL,164712.0,29.178,-82.1511
Old Town,FL,4178.0,,
Olustee,FL,4178.0,,
Opa-Locka,FL,4178.0,,
Orange City,FL,11697.0,28.9349,-81.2882
Orange County,FL,4178.0,,
Orange Park,FL,8705.0,30.1706,-81.7041
Orlando,FL,1776841.0,28.4772,-81.3369
Ormond Beach,FL,42816.0,29.296,-81.1003
Osteen,FL,4178.0,,
Palatka,FL,23597.0,29.6493,-81.6704
Palm Bay,FL,489912.0,27.955,-80.6628
Palm Beach Gardens,FL,55036.0,26.8486,-80.166
Palm Harbor,FL,61553.0,28.0847,-82.7481
Palmetto,FL,13661.0,27.5251,-82.5751
Panama City,FL,145239.0,30.1995,-85.6003
Panama City Beach,FL,12757.0,30.2369,-85.8774
Pensacola,FL,344400.0,30.4427,-87.1886
Pinellas Park,FL,52854.0,27.8589,-82.7076
Plant City,FL,38714.0,28.014,-82.1201
Plantation,FL,93909.0,26.126,-80.2617
Poinciana,FL,66465.0,28.1217,-81.482
Pompano Beach,FL,110473.0,26.2428,-80.1312
Port Charlotte,FL,59654.0,26.9918,-82.114
Port Orange,FL,63203.0,29.1084,-81.0137
Port Richey,FL,2831.0,28.2758,-82.725
Port St. Joe,FL,3770.0,29.8267,-85.3069
Port St. Lucie,FL,432589.0,27.2796,-80.3884
Putnam Hall,FL,4178.0,,
Quincy,FL,8791.0,30.5659,-84.5857
Riverview,FL,88191.0,27.8227,-82.3023
Rockledge,FL,27476.0,28.3201,-80.732
Ruskin,FL,22162.0,27.7065,-82.4209
Safety Harbor,FL,17844.0,28.008,-82.6965
San Carlos Park,FL,17597.0,26.4765,-81.8193
Sarasaota,FL,4178.0,,
Sarasota,FL,706245.0,27.3386,-82.543
Sebring,FL,62814.0,27.477,-81.453
Seville,FL,646.0,29.3364,-81.5065
Sneads,FL,1796.0,30.7085,-84.9249
Spring Hill,FL,104722.0,28.4797,-82.53
Springfield,FL,9437.0,30.1713,-85.6089
St. Augustine,FL,75932.0,29.8977,-81.31
St. Cloud,FL,51282.0,28.2294,-81.2829
St. Petersburg,FL,263255.0,27.793,-82.6652
Starke,FL,5593.0,29.9474,-82.1129
Sunrise,FL,94323.0,26.1547,-80.2997
Tallahassee,FL,253030.0,30.4551,-84.2527
Tamarac,FL,65669.0,26.2057,-80.2549
Tampa,FL,2804240.0,27.9942,-82.4451
Tarpon Springs,FL,25331.0,28.1493,-82.7623
Temple Terrace,FL,26489.0,28.0437,-82.3774
The Villages,FL,74618.0,28.9021,-81.9888
Thonotosassa,FL,13743.0,28.0464,-82.291
Titusville,FL,57497.0,28.5727,-80.8193
Vero Beach,FL,16919.0,27.6463,-80.393
Viera,FL,4178.0,,
Weeki Wachi,FL,4178.0,,
Wellington,FL,64848.0,26.6464,-80.2706
West Kendall,FL,4178.0,,
West Palm Beach,FL,110222.0,26.7469,-80.1316
Winter Haven,FL,245237.0,28.0118,-81.7017
Yulee,FL,12244.0,30.635,-81.5678
Acworth,GA,22698.0,34.0565,-84.6709
Adel,GA,6964.0,31.1271,-83.4232
Albany,GA,90515.0,31.5776,-84.1762
Arlington,GA,1387.0,31.4383,-84.7253
Athens,GA,140169.0,33.9508,-83.3689
Atlanta,GA,5228750.0,33.7627,-84.4225
Augusta,GA,389383.0,33.3645,-82.0708
Austell,GA,7215.0,33.8202,-84.6452
Bainbridge,GA,11558.0,30.9046,-84.5722
Barrow County,GA,4178.0,,
Bibb County,GA,4178.0,,
Bonaire,GA,4178.0,,
Brooklet,GA,1612.0,32.3898,-81.6668
Buford,GA,14868.0,34.1187,-83.9915
Byron,GA,5170.0,32.6475,-83.754
Calhoun,GA,33029.0,34.4917,-84.9391
Carnesville,GA,604.0,34.3723,-83.2336
Carroll County,GA,4178.0,,
Carrollton,GA,47140.0,33.5818,-85.0837
Cartersville,GA,55794.0,34.1632,-84.8007
Cedartown,GA,12744.0,34.0225,-85.248
Chamblee,GA,29428.0,33.8842,-84.3008
Chatham County,GA,4178.0,,
Clarkesville,GA,1828.0,34.6103,-83.5284
Claxton,GA,3500.0,32.1613,-81.9093
Clayton,GA,3706.0,34.8775,-83.4027
Cobb County,GA,4178.0,,
Cochran,GA,6024.0,32.3875,-83.3523
Columbus,GA,259160.0,32.51,-84.8771
Commerce,GA,6965.0,34.2127,-83.4729
Conyers,GA,16015.0,33.6645,-83.9967
Covington,GA,14044.0,33.6049,-83.8465
Cumming,GA,6284.0,34.2064,-84.1337
Cuthbert,GA,3558.0,31.7713,-84.794
Dahlonega,GA,6432.0,34.5302,-83.9796
Dalton,GA,86841.0,34.7691,-84.9712
DeKalb County,GA,4178.0,,
Decatur,GA,23832.0,33.7711,-84.2968
Douglas,GA,13960.0,31.5065,-82.8543
Douglasville,GA,33675.0,33.7384,-84.7068
Dunwoody,GA,49609.0,33.9418,-84.3122
East Point,GA,35282.0,33.6696,-84.47
Eden,GA,4178.0,,
Elberton,GA,5515.0,34.1064,-82.8706
Floyd County,GA,4178.0,,
Forest Park,GA,19823.0,33.6209,-84.359
Fort Valley,GA,9515.0,32.5522,-83.8817
Gainesville,GA,156248.0,34.2902,-83.8303
Glennville,GA,4509.0,31.9382,-81.9305
Glenwood,GA,742.0,32.1805,-82.6709
Greenville,GA,842.0,33.0322,-84.7162
Griffin,GA,22770.0,33.2418,-84.2747
Grovetown,GA,14109.0,33.4504,-82.2073
Habersham,GA,4178.0,,
Hall County,GA,4178.0,,
Hampton,GA,7732.0,33.3835,-84.2854
Henry County,GA,4178.0,,
Hiram,GA,3984.0,33.8771,-84.771
Hogansville,GA,3105.0,33.1674,-84.9027
Jackson,GA,5271.0,33.292,-83.9678
Jesup,GA,12090.0,31.5991,-81.8898
Johns Creek,GA,84350.0,34.0333,-84.2026
Kingsland,GA,17077.0,30.8193,-81.7219
LaGrange,GA,35918.0,33.0274,-85.0384
Lake Lanier,GA,4178.0,,
Lawrenceville,GA,29873.0,33.9525,-83.9928
Leesburg,GA,3765.0,31.7325,-84.1687
Lizella,GA,4178.0,,
Locust Grove,GA,6715.0,33.3436,-84.1066
Loganville,GA,12062.0,33.8353,-83.8957
Ludowici,GA,2210.0,31.7096,-81.7457
Lumpkin,GA,1159.0,32.0487,-84.798
Mableton,GA,39745.0,33.8132,-84.5656
Macon,GA,152663.0,32.8065,-83.6974
Marietta,GA,61048.0,33.9532,-84.5422
McIntosh County,GA,4178.0,,
Molena,GA,372.0,33.0118,-84.5002
Monroe,GA,16153.0,33.799,-83.716
Monticello,GA,2535.0,33.3075,-83.6863
Morrow,GA,7473.0,33.5816,-84.3392
Moultrie,GA,18536.0,31.1591,-83.7708
Newnan,GA,38909.0,33.3765,-84.776
Paulding County,GA,4178.0,,
Peachtree City,GA,35262.0,33.3943,-84.5711
Pearson,GA,2093.0,31.297,-82.8544
Port Wentworth,GA,8534.0,32.1942,-81.1984
Porterdale,GA,1481.0,33.5739,-83.894
Powder Springs,GA,15052.0,33.866,-84.6839
Rincon,GA,13572.0,32.2945,-81.2354
Riverdale,GA,16439.0,33.5639,-84.4103
Rockville,GA,4178.0,,
Rossville,GA,3984.0,34.9747,-85.2898
Roswell,GA,94786.0,34.0391,-84.3513
Salacoa,GA,4178.0,,
Sandy Springs,GA,106739.0,33.9366,-84.3703
Savannah,GA,280082.0,32.0281,-81.1785
Smyrna,GA,56685.0,33.8633,-84.5168
Snellville,GA,19738.0,33.8561,-84.0038
Spalding County,GA,4178.0,,
Stockbridge,GA,29114.0,33.5253,-84.2294
Stone Mountain,GA,6368.0,33.8034,-84.1724
Sylvester,GA,6350.0,31.53,-83.8338
Talking Rock,GA,69.0,34.5279,-84.4939
Thomas County,GA,4178.0,,
Thomasville,GA,24271.0,30.8394,-83.9783
Tyrone,GA,7336.0,33.4752,-84.5941
Union City,GA,21370.0,33.5942,-84.5628
Valdosta,GA,79294.0,30.8502,-83.2788
Walton County,GA,4178.0,,
White,GA,723.0,34.2824,-84.7472
Whitfield County,GA,4178.0,,
Woodstock,GA,31564.0,34.1026,-84.5085
Woodville,GA,352.0,33.6714,-83.1063
Aiea,HI,9332.0,21.3865,-157.9232
Hilo,HI,45703.0,19.6886,-155.0864
Honolulu,HI,833671.0,21.3294,-157.846
Kahuku,HI,2353.0,21.6793,-157.9473
Kalihi,HI,4178.0,,
Keaau,HI,2627.0,19.6156,-155.0372
Maui,HI,4178.0,,
Nanakuli,HI,11757.0,21.3892,-158.1445
North Shore,HI,4178.0,,
Pahoa,HI,772.0,19.4961,-154.9454
Papaaloa,HI,4178.0,,
Puna,HI,4178.0,,
Wailuku,HI,16995.0,20.8834,-156.5059
Altoona,IA,18699.0,41.648,-93.4782
Ankeny,IA,62416.0,41.7284,-93.6034
Boone,IA,12640.0,42.053,-93.877
Burlington,IA,28830.0,40.8072,-91.1247
Cedar Rapids,IA,186160.0,41.9667,-91.6781
Clinton,IA,30642.0,41.8434,-90.2409
Council Bluffs,IA,62316.0,41.2369,-95.8518
Creston,IA,7622.0,41.0597,-94.365
Dakota City,IA,816.0,42.7229,-94.1977
Davenport,IA,287413.0,41.5563,-90.6052
Des Moines,IA,481222.0,41.5725,-93.6105
Fort Dodge,IA,24223.0,42.5098,-94.1751
Fort Madison,IA,10326.0,40.6207,-91.3509
Moorland,IA,162.0,42.4414,-94.2954
Nashua,IA,1598.0,42.9501,-92.5417
North English,IA,1004.0,41.5168,-92.0777
Panora,IA,1069.0,41.691,-94.3637
Sioux City,IA,106279.0,42.4959,-96.3901
Urbandale,IA,43592.0,41.639,-93.7813
Webster City,IA,7489.0,42.4623,-93.8167
Wellman,IA,1419.0,41.4693,-91.8354
West Burlington,IA,2927.0,40.8215,-91.1755
West Des Moines,IA,65608.0,41.5522,-93.7805
Blackfoot,ID,15382.0,43.194,-112.3455
Boise,ID,385218.0,43.6007,-116.2312
Caldwell,ID,54660.0,43.6454,-116.6599
Coeur d'Alene,ID,112935.0,47.704,-116.7933
Coolin,ID,4178.0,,
Council,ID,865.0,44.7329,-116.4376
Garden City,ID,11890.0,43.6526,-116.2743
Gooding,ID,3606.0,42.9373,-114.7134
Hammett,ID,4178.0,,
Homedale,ID,2740.0,43.6154,-116.9379
Idaho Falls,ID,97548.0,43.4872,-112.0363
Jefferson County,ID,4178.0,,
Kuna,ID,19230.0,43.4863,-116.3982
Melba,ID,533.0,43.3725,-116.5322
Meridian,ID,99926.0,43.6112,-116.3968
Middleton,ID,7439.0,43.7116,-116.6153
Mountain Home,ID,16552.0,43.1325,-115.697
Nampa,ID,173863.0,43.5843,-116.5628
Pocatello,ID,71020.0,42.8716,-112.4652
Preston,ID,4477.0,42.0989,-111.88
Rexburg,ID,29859.0,43.8222,-111.7924
Rigby,ID,8987.0,43.6735,-111.9126
Sandpoint,ID,12349.0,48.2822,-116.5613
Weippe,ID,437.0,46.3787,-115.9396
Wendell,ID,2677.0,42.7745,-114.7025
Alton,IL,80462.0,38.9033,-90.1523
Antioch,IL,14235.0,42.4742,-88.0721
Arcola,IL,2840.0,39.6833,-88.3013
Aurora,IL,200965.0,41.7637,-88.2901
Beach Park,IL,13995.0,42.4261,-87.8584
Belleville,IL,41649.0,38.5165,-89.99
Benton,IL,7642.0,38.011,-88.9179
Bloomingdale,IL,22016.0,41.9497,-88.0895
Bridgeview,IL,16335.0,41.7402,-87.8067
Chicago,IL,8675982.0,41.8373,-87.6862
Chicago Heights,IL,29901.0,41.5101,-87.6347
Clinton,IL,8200.0,40.1468,-88.9633
Dalton,IL,4178.0,,
Danville,IL,48518.0,40.1423,-87.6114
Deerfield,IL,18946.0,42.1654,-87.8516
Des Plaines,IL,58193.0,42.0344,-87.9008
Dolton,IL,22793.0,41.6284,-87.5979
East St. Louis,IL,26662.0,38.6156,-90.1304
Elgin,IL,112456.0,42.0385,-88.3229
Forest Park,IL,13951.0,41.8683,-87.8157
Gurnee,IL,30767.0,42.3708,-87.9392
Harvey,IL,24908.0,41.6076,-87.6521
Hurst,IL,790.0,37.8351,-89.1442
Jerseyville,IL,8777.0,39.118,-90.3276
Joilet,IL,4178.0,,
Joliet,IL,148462.0,41.5189,-88.1499
Lakemoor,IL,6048.0,42.3396,-88.2028
Lansing,IL,27962.0,41.5648,-87.5462
Lawndale,IL,157.0,,
Lisle,IL,22912.0,41.7922,-88.0883
Lyons,IL,10585.0,41.8121,-87.8192
Mackinaw,IL,3399.0,40.534,-89.3556
Macoupin County,IL,4178.0,,
Maeystown,IL,160.0,38.2267,-90.233
Marion,IL,17762.0,37.7171,-88.9275
Markham,IL,12538.0,41.6,-87.6905
Metropolis,IL,6198.0,37.1566,-88.7083
Nokomis,IL,3183.0,39.3001,-89.2852
North Aurora,IL,18245.0,41.8083,-88.3413
North Riverside,IL,6564.0,41.8461,-87.8263
Peoria,IL,262010.0,40.7521,-89.6155
Quincy,IL,44860.0,39.9335,-91.3798
Rantoul,IL,13884.0,40.3031,-88.1549
Richton Park,IL,13505.0,41.4822,-87.7352
River Forest,IL,11132.0,41.895,-87.8194
Robbins,IL,5486.0,41.6431,-87.708
Rock Falls,IL,8911.0,41.7724,-89.6928
Rock Island,IL,38110.0,41.4699,-90.5827
Rockford,IL,285562.0,42.2598,-89.0641
Round Lake,IL,18444.0,42.3436,-88.1058
Shawnee National Forest,IL,4178.0,,
South Elgin,IL,22549.0,41.9906,-88.3134
Springfield,IL,159394.0,39.771,-89.6537
Stockton,IL,1746.0,42.3526,-90.0019
Villa Park,IL,21836.0,41.8864,-87.9779
Washington Park,IL,3933.0,38.6285,-90.0928
Waukegan,IL,87729.0,42.3697,-87.8716
Zion,IL,23952.0,42.4598,-87.8509
Avon,IN,17568.0,39.7599,-86.391
Beech Grove,IN,14795.0,39.7153,-86.087
Boonville,IN,6348.0,38.0469,-87.2847
Brookville,IN,2509.0,39.4233,-85.0114
Brownstown,IN,3111.0,38.8791,-86.0466
Clarksville,IN,21694.0,38.3221,-85.7673
Columbua,IN,4178.0,,
Crawfordsville,IN,18305.0,40.0428,-86.8975
Crown Point,IN,29625.0,41.4141,-87.3456
Dearborn County,IN,4178.0,,
Dyer,IN,15941.0,41.4978,-87.509
Elkhart,IN,148131.0,41.6912,-85.962
English,IN,629.0,38.3408,-86.4592
Evansville,IN,232285.0,37.9881,-87.5341
Fishers,IN,91832.0,39.9589,-85.9665
Fort Wayne,IN,328564.0,41.0885,-85.1436
French Lick,IN,1781.0,38.5462,-86.6202
Gary,IN,76008.0,41.5906,-87.3472
Goshen,IN,33220.0,41.574,-85.8304
Greenwood,IN,57375.0,39.6019,-86.1073
Hanover,IN,3513.0,38.7137,-85.4724
Harmony,IN,624.0,39.5335,-87.0734
Harrison County,IN,4178.0,,
Henry County,IN,4178.0,,
Huntington,IN,17886.0,40.8816,-85.5054
Indianapolis,IN,1564699.0,39.7771,-86.1458
Jeffersonville,IN,47383.0,38.3375,-85.7026
Knox,IN,3171.0,41.291,-86.621
Kokomo,IN,79099.0,40.464,-86.1277
Lafayette,IN,159293.0,40.399,-86.8593
Lawrence,IN,48704.0,39.8674,-85.9904
Memphis,IN,941.0,38.4892,-85.7679
Merrillville,IN,34871.0,41.4728,-87.3197
Monon,IN,1752.0,40.8642,-86.8787
Monroe County,IN,4178.0,,
Muncie,IN,88688.0,40.1989,-85.395
New Albany,IN,36461.0,38.3076,-85.8241
New Castle,IN,21855.0,39.919,-85.3697
North Manchester,IN,5761.0,41.0044,-85.775
Oakland City,IN,2490.0,38.3378,-87.3493
Owen County,IN,4178.0,,
Portage,IN,36672.0,41.5866,-87.1792
Randolph County,IN,4178.0,,
Salem,IN,6391.0,38.6048,-86.0977
Shelbyville,IN,20663.0,39.5325,-85.7762
South Bend,IN,281100.0,41.6771,-86.2692
South Haven,IN,5064.0,41.5438,-87.1367
Springville,IN,4178.0,,
Sullivan,IN,4351.0,39.0973,-87.4074
Terre Haute,IN,92722.0,39.4654,-87.3763
Vincennes,IN,20501.0,38.6759,-87.5102
Walton,IN,1021.0,40.6624,-86.2443
West Terre Haute,IN,2219.0,39.4638,-87.4506
Assaria,KS,408.0,38.6801,-97.6039
Chetopa,KS,1050.0,37.0376,-95.0926
Colby,KS,5436.0,39.3843,-101.0459
Finney County,KS,4178.0,,
Gardner,KS,21583.0,38.8158,-94.93
Hays,KS,21525.0,38.8816,-99.3219
Hesston,KS,3371.0,38.1403,-97.4272
Hutchinson,KS,42940.0,38.0671,-97.9081
Junction City,KS,38178.0,39.0271,-96.8497
Kansas City,KS,152938.0,39.1234,-94.7443
Lawrence,KS,97341.0,38.9598,-95.2641
Leavenworth,KS,46517.0,39.3233,-94.9244
Lehigh,KS,169.0,38.3744,-97.3024
McPherson,KS,13128.0,38.3714,-97.6606
Medicine Lodge,KS,1901.0,37.2851,-98.5812
Newton,KS,20370.0,38.0364,-97.3463
Olathe,KS,137472.0,38.8832,-94.8198
Overland Park,KS,191278.0,38.887,-94.687
Pratt,KS,6462.0,37.6777,-98.7465
Rosalia,KS,127.0,37.8158,-96.625
Salina,KS,46782.0,38.8137,-97.6143
Topeka,KS,148960.0,39.0346,-95.6955
Udall,KS,718.0,37.3889,-97.1177
Wamego,KS,4752.0,39.2054,-96.3099
Wichita,KS,483057.0,37.6897,-97.3441
Barbourville,KY,6178.0,36.8667,-83.8849
Bardstown,KY,21044.0,37.8174,-85.4548
Baxter,KY,4178.0,,
Bell County,KY,4178.0,,
Berea,KY,17929.0,37.5904,-84.2898
Bonnyman,KY,4178.0,,
Booneville,KY,126.0,37.4719,-83.6826
Bowling Green,KY,90448.0,36.9715,-86.4375
Bremen,KY,192.0,37.3623,-87.2201
Brodhead,KY,1183.0,37.4027,-84.4144
Burkesville,KY,1481.0,36.7906,-85.3674
Carter County,KY,4178.0,,
Chavies,KY,4178.0,,
Christian County,KY,4178.0,,
Crestwood,KY,4982.0,38.3356,-85.4839
Cumberland County,KY,4178.0,,
Daviess County,KY,4178.0,,
Dexter,KY,433.0,36.7396,-88.2955
East Bernstadt,KY,806.0,37.1923,-84.1209
Edmonton,KY,1585.0,36.9842,-85.619
Elizabethtown,KY,77317.0,37.703,-85.8769
Elkton,KY,2111.0,36.8135,-87.161
Elsmere,KY,8644.0,38.9949,-84.6017
Fisty,KY,4178.0,,
Flatwoods,KY,7177.0,38.5211,-82.7194
Fulton,KY,3917.0,36.5145,-88.8819
Georgetown,KY,35586.0,38.2251,-84.5481
Gray,KY,4178.0,,
Gunlock,KY,4178.0,,
Hebron,KY,6095.0,39.0626,-84.709
Hiseville,KY,171.0,37.1008,-85.8149
Jackson County,KY,4178.0,,
Lancaster,KY,4193.0,37.6152,-84.5817
Lawrenceburg,KY,13439.0,38.0331,-84.9031
Leitchfield,KY,6994.0,37.4862,-86.2857
London,KY,37424.0,37.1209,-84.0804
Louisville,KY,1011696.0,38.1663,-85.6485
Ludlow,KY,4507.0,39.0904,-84.5498
Martin County,KY,4178.0,,
Montgomery Creek,KY,4178.0,,
Morehead,KY,8229.0,38.1906,-83.4466
Nicholasville,KY,30600.0,37.8904,-84.5668
Oil Springs,KY,4178.0,,
Owensboro,KY,73173.0,37.7573,-87.1174
Owingsville,KY,1567.0,38.1364,-83.7603
Paducah,KY,48629.0,37.0711,-88.6435
Paris,KY,12662.0,38.2016,-84.2719
Phelps,KY,762.0,37.509,-82.1605
Pine Top,KY,4178.0,,
Pippa Passes,KY,661.0,37.3342,-82.8733
Princeton,KY,5684.0,37.1068,-87.8854
Richmond,KY,40111.0,37.7306,-84.2926
Russellville,KY,6823.0,36.8394,-86.895
Scott County,KY,4178.0,,
Scottsville,KY,4473.0,36.7493,-86.1966
Sharpsburg,KY,342.0,38.2016,-83.9277
Shelby Gap,KY,4178.0,,
Shelbyville,KY,23305.0,38.2066,-85.2306
Simpsonsville,KY,4178.0,,
Trosper,KY,4178.0,,
Utica,KY,359.0,37.6028,-87.1126
Warren County,KY,4178.0,,
Wayne County,KY,4178.0,,
White Plains,KY,908.0,37.1708,-87.3801
Williamsburg,KY,6009.0,36.7392,-84.1647
Wilmore,KY,9478.0,37.8787,-84.6544
Wolfe County,KY,4178.0,,
Alexandria,LA,82131.0,31.2923,-92.4702
Amite,LA,4178.0,,
Bastrop,LA,12785.0,32.7749,-91.9058
Baton Rouge,LA,583613.0,30.4419,-91.131
Bernice,LA,1638.0,32.8276,-92.6584
Bogalusa,LA,11771.0,30.7812,-89.8633
Bossier City,LA,68554.0,32.5227,-93.6667
Breaux Bridge,LA,18881.0,30.2829,-91.9043
Caddo Parish,LA,4178.0,,
Cade,LA,1712.0,30.0926,-91.8996
Chalmette,LA,22907.0,29.9437,-89.966
Clinton,LA,1531.0,30.8614,-91.015
Converse,LA,432.0,31.7795,-93.7001
Coushatta,LA,1808.0,32.0256,-93.3406
Covington,LA,10416.0,30.4808,-90.1122
Crowley,LA,14429.0,30.2175,-92.3752
DeRidder,LA,13617.0,30.8467,-93.2931
Denham Springs,LA,9834.0,30.4743,-90.9594
East Baton Rouge,LA,4178.0,,
Ethel,LA,4178.0,,
Evangeline Parish,LA,4178.0,,
Franklin,LA,13292.0,29.7851,-91.5098
Gibson,LA,4178.0,,
Goodbee,LA,4178.0,,
Gretna,LA,17935.0,29.91,-90.0515
Hammond,LA,69180.0,30.5061,-90.4563
Harvey,LA,20311.0,29.8876,-90.0666
Haughton,LA,3432.0,32.5272,-93.5042
Homer,LA,2693.0,32.793,-93.0582
Houma,LA,142969.0,29.5799,-90.7058
Iota,LA,1464.0,30.326,-92.4956
Jefferson Parish,LA,4178.0,,
Keithville,LA,4178.0,,
Kenner,LA,67451.0,30.0109,-90.2549
Lacombe,LA,8519.0,30.3141,-89.931
Lafayette,LA,265746.0,30.2084,-92.0323
Lake Charles,LA,153633.0,30.2022,-93.2141
Lakes Charles,LA,4178.0,,
Lincoln Parish,LA,4178.0,,
Livingston Parish,LA,4178.0,,
Mamou,LA,3818.0,30.6349,-92.4179
Mandeville,LA,94760.0,30.375,-90.0906
Marksville,LA,7225.0,31.1247,-92.0652
Metairie,LA,144822.0,29.9976,-90.1781
Monroe,LA,115462.0,32.5183,-92.0775
New Iberia,LA,29620.0,30.0049,-91.8202
New Llano,LA,2370.0,31.097,-93.2767
New Orleans,LA,1029123.0,30.0687,-89.9288
Ouachita Parish,LA,4178.0,,
Pineville,LA,14429.0,31.3414,-92.4096
Plaquemine,LA,6715.0,30.2834,-91.2429
Port Allen,LA,5034.0,30.4456,-91.2098
Port Barre,LA,2659.0,30.5565,-91.9565
Pride,LA,4178.0,,
Raceland,LA,10322.0,29.7282,-90.6362
Ragley,LA,4178.0,,
Shreveport,LA,287432.0,32.4659,-93.7959
Slidell,LA,93882.0,30.2881,-89.7826
St. Helena Parish,LA,4178.0,,
St. Tammany Parish,LA,4178.0,,
Terrytown,LA,24216.0,29.9016,-90.028
Treme,LA,4178.0,,
West Monroe,LA,12657.0,32.512,-92.1513
West Ouachita,LA,4178.0,,
Winn Parish,LA,4178.0,,
Winnsboro,LA,5078.0,32.1651,-91.721
Auburn,MA,16766.0,,
Beverly,MA,41816.0,42.5681,-70.8627
Boston,MA,4637537.0,42.3188,-71.0846
Braintree,MA,4178.0,,
Brockton,MA,95672.0,42.0821,-71.0242
Brookline,MA,59121.0,,
Everett,MA,46324.0,42.4064,-71.0545
Fall River,MA,89420.0,41.7137,-71.1014
Lowell,MA,111346.0,42.6389,-71.3217
Lynn,MA,94063.0,42.4779,-70.9663
Milford,MA,29101.0,,
Newbury,MA,7148.0,,
Oxford,MA,14009.0,,
Pittsfield,MA,56291.0,42.4517,-73.2605
Reading,MA,25400.0,,
Revere,MA,53993.0,42.4191,-71.0035
Roslindale,MA,4178.0,,
Spencer,MA,11935.0,,
Taunton,MA,57139.0,41.9036,-71.0943
Tewksbury,MA,31178.0,,
Webster,MA,16949.0,,
West Springfield,MA,4178.0,,
Westborough,MA,19144.0,,
Weymouth,MA,4178.0,,
Abingdon,MD,4178.0,,
Baltimore,MD,2170504.0,39.3051,-76.6144
Bel Air,MD,10037.0,39.5348,-76.346
Capitol Heights,MD,4553.0,38.8766,-76.9074
Chestertown,MD,6896.0,39.2195,-76.071
Clinton,MD,39230.0,38.7499,-76.9063
Columbia,MD,103170.0,39.2004,-76.859
Davidsonville,MD,4178.0,,
District Heights,MD,6022.0,38.8588,-76.8885
Dundalk,MD,62516.0,39.2703,-76.4942
Elkridge,MD,19367.0,39.1941,-76.7427
Elkton,MD,15652.0,39.6067,-75.8209
Essex,MD,39494.0,39.3024,-76.4457
Fort Meade,MD,10088.0,39.1058,-76.7438
Fort Washington,MD,24144.0,38.7339,-77.0069
Frederick,MD,154972.0,39.4336,-77.4157
Glen Burnie,MD,68768.0,39.1559,-76.6072
Greenbelt,MD,23489.0,38.9953,-76.8885
Havre de Grace,MD,13576.0,39.5481,-76.1146
Hyattsville,MD,18333.0,38.9612,-76.9548
La Plata,MD,9365.0,38.5352,-76.9701
Landover,MD,22852.0,38.9241,-76.8875
Lexington Park,MD,11937.0,38.2543,-76.4415
Linthicum,MD,10852.0,39.2088,-76.6625
Little Orleans,MD,25.0,39.6308,-78.3921
Middle River,MD,25654.0,39.3345,-76.4318
Montgomery Village,MD,33565.0,39.1783,-77.1957
Mt Airy,MD,4178.0,,
North East,MD,3635.0,39.6077,-75.9414
Overlea,MD,12014.0,39.3642,-76.5176
Owings Mills,MD,34231.0,39.4115,-76.7913
Oxon Hill,MD,18077.0,38.7887,-76.9733
Parkville,MD,31762.0,39.3832,-76.5519
Phoenix,MD,4178.0,,
Pikesville,MD,33426.0,39.3893,-76.702
Potomac,MD,45780.0,39.0141,-77.1943
Randallstown,MD,35438.0,39.3723,-76.8024
Reisterstown,MD,26903.0,39.4552,-76.8144
Rising Sun,MD,2800.0,39.7003,-76.0586
Rockville,MD,68401.0,39.0834,-77.1553
Rosedale,MD,19151.0,39.3266,-76.5084
Salisbury,MD,106034.0,38.3755,-75.5867
Silver Spring,MD,79483.0,39.0028,-77.0207
Sparks,MD,4178.0,,
Temple Hills,MD,8278.0,38.8106,-76.9495
Thurmont,MD,7383.0,39.621,-77.4076
Westminster,MD,18593.0,39.5797,-77.0064
Woodlawn,MD,39296.0,39.3054,-76.7489
Arundel,ME,4394.0,,
Auburn,ME,23033.0,44.085,-70.2492
Bangor,ME,59107.0,44.8322,-68.7906
Belgrade,ME,3149.0,,
Gorham,ME,17978.0,,
Hiram,ME,1642.0,,
Limerick,ME,3022.0,,
Madison,ME,4620.0,,
Minot,ME,2586.0,,
Naples,ME,3969.0,,
Oakfield,ME,678.0,,
Old Town,ME,7497.0,44.9491,-68.7249
Orrington,ME,3688.0,,
Portland,ME,206023.0,43.6773,-70.2715
Presque Isle,ME,5696.0,46.6868,-67.9874
Smyrna,ME,418.0,,
Vassalboro,ME,4368.0,,
Waldoboro,ME,5069.0,,
Wales,ME,1617.0,,
Algoma Township,MI,4178.0,,
Bagley Township,MI,4178.0,,
Battle Creek,MI,76803.0,42.2986,-85.2296
Bay City,MI,67059.0,43.5903,-83.8886
Beaverton,MI,1050.0,43.8811,-84.4887
Belleville,MI,3869.0,42.2021,-83.4838
Benton Harbor,MI,59939.0,42.1159,-86.4488
Benton Township,MI,4178.0,,
Blackman Township,MI,4178.0,,
Bloomfield Township,MI,4178.0,,
Brighton Township,MI,4178.0,,
Cato Township,MI,4178.0,,
Columbia Township,MI,4178.0,,
Dearborn,MI,94491.0,42.3127,-83.2129
Dearborn Heights,MI,55758.0,42.3164,-83.2769
Delta Township,MI,4178.0,,
Detroit,MI,3522206.0,42.3834,-83.1024
Eaton County,MI,4178.0,,
Eaton Rapids Township,MI,4178.0,,
Flint,MI,335354.0,43.0235,-83.6922
Gaines Township,MI,4178.0,,
Genesee Township,MI,4178.0,,
Grand Rapids,MI,602694.0,42.9615,-85.6557
Hessel,MI,4178.0,,
Holland Township,MI,4178.0,,
Inkster,MI,24453.0,42.2935,-83.3148
Ishpeming Township,MI,4178.0,,
Jackson,MI,87819.0,42.2431,-84.4037
Kalamazoo,MI,214083.0,42.2749,-85.5882
Kentwood,MI,51747.0,42.8852,-85.5925
Lansing,MI,320928.0,42.7142,-84.5601
Lincoln Township,MI,4178.0,,
Manistee,MI,9422.0,44.244,-86.3242
Marine City,MI,4102.0,42.7138,-82.5012
Marion,MI,858.0,44.1006,-85.1438
Midland,MI,59138.0,43.6239,-84.2316
Oak Park,MI,29654.0,42.4649,-83.1824
Pavilion Township,MI,4178.0,,
Pennfield Township,MI,4178.0,,
Plymouth Township,MI,4178.0,,
Portage,MI,48816.0,42.2,-85.5906
Redford Township,MI,4178.0,,
Romulus,MI,23457.0,42.2237,-83.366
Roxand Township,MI,4178.0,,
Royal Oak,MI,59112.0,42.5084,-83.1539
Saginaw,MI,119336.0,43.4199,-83.9501
Sebewaing,MI,1652.0,43.7321,-83.4511
Shelby Township,MI,4178.0,,
Southfield,MI,73208.0,42.4765,-83.2605
St. Clair Shores,MI,59635.0,42.4921,-82.8957
St. Joseph,MI,8363.0,42.0967,-86.485
St. Joseph County,MI,4178.0,,
Trenton,MI,18255.0,42.1395,-83.193
Troy,MI,83813.0,42.5818,-83.1457
Union Township,MI,4178.0,,
Walloon Lake,MI,312.0,45.2719,-84.9413
Warren,MI,135022.0,42.4934,-83.027
Waterford Township,MI,4178.0,,
West Olive,MI,4178.0,,
Wyoming,MI,75938.0,42.8909,-85.7066
Aitkin,MN,2016.0,46.5303,-93.7051
Albert Lea,MN,17558.0,43.6546,-93.3641
Alexandria,MN,20851.0,45.8777,-95.3766
Austin,MN,25321.0,43.6722,-92.9761
Backus,MN,250.0,46.8207,-94.5148
Bemidji,MN,16733.0,47.483,-94.8788
Bloomington,MN,85866.0,44.8306,-93.3151
Brooklyn Center,MN,31006.0,45.0681,-93.3162
Burnsville,MN,61439.0,44.7648,-93.2795
Chanhassen,MN,25558.0,44.8544,-93.5621
Cohasset,MN,2719.0,47.2389,-93.6396
Columbia Heights,MN,20254.0,45.0484,-93.2472
Coon Rapids,MN,62656.0,45.1755,-93.3095
Crystal,MN,23165.0,45.0377,-93.3599
Eagan,MN,66627.0,44.8169,-93.1638
Fairmont,MN,9093.0,43.6441,-94.4621
Falcon Heights,MN,5592.0,44.9899,-93.177
Fridley,MN,27853.0,45.0841,-93.2595
Gilbert,MN,1796.0,47.4913,-92.4612
Hastings,MN,22882.0,44.7318,-92.8538
Hermantown,MN,9513.0,46.8058,-92.2407
Hutchinson,MN,13773.0,44.8856,-94.3768
Lake Elmo,MN,8983.0,44.9944,-92.9031
Lakeville,MN,63748.0,44.6776,-93.2521
Mankato,MN,61912.0,44.1711,-93.9773
Miltona,MN,401.0,46.0462,-95.2931
Minneapolis,MN,2926757.0,44.9635,-93.2678
Mora,MN,3566.0,45.8766,-93.2916
Morris,MN,5134.0,45.5855,-95.9048
New Hope,MN,21063.0,45.0375,-93.3869
North Branch,MN,6662.0,45.5137,-92.9601
Peterson,MN,198.0,43.7868,-91.8333
Plymouth,MN,78395.0,45.0224,-93.4615
Richfield,MN,36151.0,44.8762,-93.2833
Roseville,MN,36314.0,45.0155,-93.1544
Shakopee,MN,40893.0,44.7744,-93.4764
St. Cloud,MN,114225.0,45.5339,-94.1718
St. James,MN,4383.0,43.9832,-94.6249
St. Louis Park,MN,49029.0,44.9488,-93.3649
St. Paul,MN,306621.0,44.9477,-93.104
Stillwater,MN,19368.0,45.0573,-92.8313
Vadnais Heights,MN,13561.0,45.057,-93.0747
Vineland,MN,887.0,46.1832,-93.7823
Virginia,MN,12551.0,47.5169,-92.5128
Adrian,MO,1608.0,38.396,-94.3498
Affton,MO,21704.0,38.5499,-90.3263
Aurora,MO,8335.0,36.9674,-93.7183
Barton County,MO,4178.0,,
Belton,MO,23480.0,38.8193,-94.5334
Big Bear,MO,4178.0,,
Bismarck,MO,1480.0,37.7673,-90.6225
Blue Springs,MO,54945.0,39.0123,-94.2722
Blue Summit,MO,4178.0,,
Buffalo,MO,3007.0,37.6444,-93.0969
Cape Girardeau,MO,54588.0,37.3108,-89.5596
Carthage,MO,15465.0,37.1503,-94.3225
Chesterfield,MO,47588.0,38.6588,-90.5803
Clinton,MO,8646.0,38.3716,-93.7679
Columbia,MO,139945.0,38.9477,-92.3255
Cotter,MO,4178.0,,
Cuba,MO,3225.0,38.0671,-91.4057
Everton,MO,306.0,37.3428,-93.7024
Florissant,MO,51443.0,38.7996,-90.3269
Franklin County,MO,4178.0,,
Fulton,MO,12248.0,38.8551,-91.951
Grandview,MO,25159.0,38.8802,-94.5227
Greene County,MO,4178.0,,
Harrisonville,MO,9435.0,38.653,-94.3467
Hayti,MO,3180.0,36.2323,-89.7474
Holt,MO,472.0,39.4553,-94.3371
Independence,MO,117306.0,39.0871,-94.3503
Jackson,MO,14932.0,37.3794,-89.6525
Jefferson City,MO,58279.0,38.5676,-92.1759
Jennings,MO,14674.0,38.723,-90.2643
Johnson County,MO,4178.0,,
Joplin,MO,86298.0,37.0759,-94.5006
Kansas City,MO,1615621.0,39.1239,-94.5541
Lakeshire,MO,1401.0,38.54,-90.3384
Lampe,MO,4178.0,,
Leadwood,MO,1173.0,37.8618,-90.5892
Lebanon,MO,14179.0,37.6718,-92.6603
Lee's Summit,MO,90597.0,38.9172,-94.3816
Liberty,MO,31507.0,39.2394,-94.4191
Maryland Heights,MO,26996.0,38.7188,-90.475
Maysville,MO,1073.0,39.8859,-94.3634
McDowell,MO,4178.0,,
Monett,MO,8562.0,36.9221,-93.9259
Mountain Grove,MO,4493.0,37.1341,-92.2661
Neosho,MO,12153.0,36.844,-94.3755
Nevada,MO,8581.0,37.8445,-94.3492
North St. Louis,MO,4178.0,,
O'Fallon,MO,87597.0,38.7851,-90.7177
Odessa,MO,5100.0,38.9988,-93.9665
Old Mines,MO,4178.0,,
Ozark,MO,19905.0,37.0361,-93.2154
Pettis County,MO,4178.0,,
Poplar Bluff,MO,20518.0,36.7632,-90.4136
Raytown,MO,29211.0,38.9944,-94.4641
Republic,MO,16294.0,37.1453,-93.4446
Sedalia,MO,26399.0,38.7042,-93.2351
Springfield,MO,287222.0,37.1943,-93.2915
St Louis,MO,4178.0,,
St. Joseph,MO,80818.0,39.7598,-94.821
St. Louis,MO,2078283.0,38.6358,-90.2451
Sugar Creek,MO,3308.0,39.1421,-94.4019
Sullivan,MO,9198.0,38.2127,-91.1637
University City,MO,34549.0,38.6657,-90.3315
Webster Groves,MO,22886.0,38.5866,-90.3544
Wheeling,MO,264.0,39.7862,-93.386
Barton,MS,4178.0,,
Biloxi,MS,45908.0,30.4422,-88.9512
Braxton,MS,176.0,32.0264,-89.9715
Brookhaven,MS,10346.0,31.5803,-90.4432
Clarksdale,MS,15574.0,34.1971,-90.5729
Clinton,MS,25154.0,32.354,-90.3403
Columbus,MS,31701.0,33.5088,-88.4097
DeSoto County,MS,4178.0,,
Fayette,MS,1499.0,31.7123,-91.062
Florence,MS,4427.0,32.1557,-90.1224
Gautier,MS,18512.0,30.4106,-88.6568
Greenville,MS,31243.0,33.385,-91.0514
Grenada,MS,10016.0,33.7816,-89.813
Gulfport,MS,221348.0,30.4271,-89.0703
Hancock County,MS,4178.0,,
Hattiesburg,MS,81036.0,31.3074,-89.317
Hinds County,MS,4178.0,,
Horn Lake,MS,27095.0,34.9512,-90.0501
Iuka,MS,2964.0,34.8077,-88.1978
Jackson,MS,338185.0,32.3163,-90.2124
Lauderdale County,MS,4178.0,,
Lucedale,MS,2761.0,30.9312,-88.5959
Lumberton,MS,2211.0,31.0064,-89.4592
Madison County,MS,4178.0,,
Meridian,MS,38294.0,32.3846,-88.6897
Monroe County,MS,4178.0,,
Moss Point,MS,13398.0,30.424,-88.5289
Neshoba County,MS,4178.0,,
Oxford,MS,32203.0,34.3609,-89.5286
Pearl,MS,26534.0,32.273,-90.0918
Pearl River County,MS,4178.0,,
Pelehatchie,MS,4178.0,,
Petal,MS,10633.0,31.3477,-89.2359
Pontotoc County,MS,4178.0,,
Ruth,MS,4178.0,,
Smithville,MS,911.0,34.068,-88.3983
Southaven,MS,54031.0,34.9514,-89.9787
St. Martin,MS,8242.0,30.4399,-88.8651
Stone County,MS,4178.0,,
Tate County,MS,4178.0,,
Tupelo,MS,45231.0,34.2691,-88.7318
Walls,MS,1399.0,34.9257,-90.1604
Water Valley,MS,2599.0,34.1622,-89.6301
Wesson,MS,1894.0,31.6999,-90.3959
Bigfork,MT,4797.0,48.0852,-114.0551
Billings,MT,120800.0,45.7889,-108.5509
Bozeman,MT,53949.0,45.6828,-111.0549
Butte,MT,30628.0,45.902,-112.6571
Dillon,MT,4753.0,45.2177,-112.6348
Flathead County,MT,4178.0,,
Great Falls,MT,65624.0,47.5022,-111.2995
Helena,MT,50227.0,46.5965,-112.0199
Huntley,MT,473.0,45.8995,-108.3054
Lewistown,MT,6108.0,47.0514,-109.4525
Livingston,MT,8735.0,45.6665,-110.5538
Lodge Grass,MT,445.0,45.3142,-107.3677
Malta,MT,1935.0,48.3555,-107.8709
Missoula,MT,90218.0,46.8685,-114.0095
Philipsburg,MT,921.0,46.3324,-113.296
Shelby,MT,2813.0,48.5033,-111.8615
Superior,MT,835.0,47.1935,-114.892
Three Forks,MT,2006.0,45.89,-111.5522
Aberdeen,NC,7625.0,35.1351,-79.4319
Anson County,NC,4178.0,,
Apex,NC,50451.0,35.7246,-78.8698
Archdale,NC,11518.0,35.9034,-79.9592
Ashe County,NC,4178.0,,
Asheboro,NC,39076.0,35.7157,-79.8129
Asheville,NC,309250.0,35.5704,-82.5537
Bailey,NC,563.0,35.7805,-78.1129
Brevard,NC,13603.0,35.2439,-82.7265
Burlington,NC,127374.0,36.0762,-79.4687
Burnsville,NC,1638.0,35.9164,-82.2974
Caldwell County,NC,4178.0,,
Calypso,NC,540.0,35.1548,-78.1045
Canton,NC,4272.0,35.5516,-82.8406
Cary,NC,165904.0,35.7817,-78.8175
Charlotte,NC,1467362.0,35.2079,-80.8304
Clinton,NC,9428.0,35.0005,-78.3311
Cofield,NC,382.0,36.3567,-76.9105
Dallas,NC,4698.0,35.3167,-81.1826
Davidson County,NC,4178.0,,
Dublin,NC,322.0,34.6562,-78.7231
Durham,NC,407575.0,35.9795,-78.9032
East Flat Rock,NC,4287.0,35.2802,-82.4171
Efland,NC,921.0,36.0806,-79.1718
Elizabethtown,NC,2989.0,34.6238,-78.6097
Ernul,NC,4178.0,,
Fayetteville,NC,324700.0,35.0846,-78.9776
Fleetwood,NC,4178.0,,
Fletcher,NC,8233.0,35.4316,-82.5038
Franklin,NC,7066.0,35.1798,-83.3809
Gaston County,NC,4178.0,,
Gastonia,NC,180974.0,35.2494,-81.1853
Graham,NC,14814.0,36.0596,-79.3898
Granite Falls,NC,4659.0,35.7965,-81.4233
Greensboro,NC,335588.0,36.0956,-79.8268
Greenville,NC,128385.0,35.5956,-77.3768
Henderson,NC,20158.0,36.3259,-78.4155
Hendersonville,NC,13954.0,35.3241,-82.4578
Hickory,NC,215353.0,35.7426,-81.323
High Point,NC,177874.0,35.9905,-79.9937
Hubert,NC,4178.0,,
Hudson,NC,3698.0,35.8475,-81.4864
Huntersville,NC,56212.0,35.4057,-80.8729
Iredell County,NC,4178.0,,
Jamestown,NC,4167.0,35.9984,-79.9353
Jonesville,NC,2234.0,36.2336,-80.8351
Kings Mountain,NC,10791.0,35.2348,-81.3501
Kinston,NC,27517.0,35.2748,-77.5937
Lawndale,NC,589.0,35.4142,-81.5631
Leland,NC,19976.0,34.204,-78.028
Lenoir,NC,17943.0,35.9097,-81.5247
Lexington,NC,18775.0,35.8017,-80.2682
Liberty,NC,2659.0,35.8556,-79.5682
Lincolnton,NC,23311.0,35.4747,-81.2385
Linwood,NC,4178.0,,
Lumberton,NC,29047.0,34.6312,-79.0186
Maiden,NC,3690.0,35.5853,-81.2201
Mocksville,NC,5416.0,35.9002,-80.562
Monroe,NC,35065.0,35.0061,-80.5593
Mooresville,NC,37820.0,35.5849,-80.8266
Morganton,NC,16519.0,35.7408,-81.7003
Mount Holly,NC,15635.0,35.3136,-81.0072
Mt. Airy,NC,4178.0,,
Newton Grove,NC,563.0,35.2522,-78.3552
Parkton,NC,421.0,34.9028,-79.0098
Peachland,NC,404.0,34.9931,-80.266
Pinnacle,NC,1010.0,36.323,-80.4241
Pleasant Hill,NC,751.0,36.258,-80.8904
Polkton,NC,3125.0,35.0031,-80.1963
Raleigh,NC,1018336.0,35.8324,-78.6438
Ramseur,NC,2949.0,35.7372,-79.6543
Richlands,NC,1698.0,34.9003,-77.5427
Ronda,NC,412.0,36.2217,-80.9432
Rowland,NC,1014.0,34.5362,-79.2928
Roxboro,NC,9577.0,36.3905,-78.9811
Rutherfordton,NC,4031.0,35.3642,-81.9613
Salemburg,NC,416.0,35.0151,-78.5028
Salisbury,NC,33849.0,35.6657,-80.491
Sanford,NC,34557.0,35.4874,-79.1772
Shallotte,NC,4092.0,33.9755,-78.3807
Shelby,NC,26962.0,35.2904,-81.5451
Sparta,NC,1744.0,36.5035,-81.1218
Spring Lake,NC,12580.0,35.1841,-78.9962
Statesville,NC,26657.0,35.7838,-80.8711
Stoneville,NC,1249.0,36.4653,-79.9064
Tarboro,NC,12916.0,35.9046,-77.5563
Thomasville,NC,26615.0,35.8813,-80.0807
Timberlake,NC,4178.0,,
Trinity,NC,6628.0,35.8756,-80.0093
Union Grove,NC,4178.0,,
WInston Salem,NC,4178.0,,
Wadesboro,NC,5255.0,34.9645,-80.0746
Wake County,NC,4178.0,,
Wake Forest,NC,42269.0,35.9634,-78.5139
Washington,NC,16138.0,35.5587,-77.0546
Watauga County,NC,4178.0,,
Welcome,NC,4319.0,35.9066,-80.2548
Wilkesboro,NC,3491.0,36.1417,-81.1726
Wilmington,NC,245910.0,34.2101,-77.886
Wilson,NC,49372.0,35.7312,-77.9284
Winston-Salem,NC,416581.0,36.1029,-80.261
Bismarck,ND,97457.0,46.814,-100.7695
Devil's Lake,ND,4178.0,,
Dickinson,ND,21935.0,46.8918,-102.7924
Grand Forks,ND,66159.0,47.9221,-97.0887
Mandan,ND,22228.0,46.829,-100.887
Standing Rock Reservation,ND,4178.0,,
Stutsman County,ND,4178.0,,
West Fargo,ND,35708.0,46.8573,-96.9057
Wood Lake,ND,547.0,,
Arnold,NE,576.0,41.4232,-100.1936
Big Springs,NE,390.0,41.061,-102.0745
Blair,NE,7943.0,41.5417,-96.1361
Grand Island,NE,53424.0,40.9214,-98.3584
Lincoln,NE,285118.0,40.8088,-96.6796
Louisville,NE,1261.0,40.9975,-96.1612
Omaha,NE,827786.0,41.2628,-96.0498
Rushville,NE,873.0,42.7134,-102.4666
Sidney,NE,6244.0,41.134,-102.9681
South Sioux City,NE,12911.0,42.4627,-96.4126
York,NE,7726.0,40.8698,-97.5943
Bath,NH,1093.0,,
Belmont,NH,7333.0,,
Canaan,NH,3899.0,,
Claremont,NH,9330.0,43.379,-72.3368
Derry,NH,33485.0,,
Epping,NH,7036.0,,
Gonic,NH,4178.0,,
Hampton,NH,15495.0,,
Manchester,NH,160742.0,42.9848,-71.4447
Merrimack,NH,26490.0,,
Newton,NH,4928.0,,
Peterborough,NH,6688.0,,
Asbury Park,NJ,15767.0,40.2226,-74.0117
Atlantic City,NJ,241363.0,39.3797,-74.4527
Bass River,NJ,1416.0,,
Bloomfield,NJ,49973.0,,
Bloomingdale,NJ,8242.0,41.03,-74.3319
Brick,NJ,76100.0,,
Brick Township,NJ,4178.0,,
Bridgeton,NJ,33856.0,39.4286,-75.2281
Byram,NJ,7932.0,,
Camden,NJ,74532.0,39.9362,-75.1073
Cranbury Township,NJ,4178.0,,
Deptford,NJ,30349.0,,
Farmingdale,NJ,1298.0,40.1983,-74.17
Hackensack,NJ,45248.0,40.889,-74.0461
Hamilton,NJ,25746.0,,
Hamilton,NJ,87065.0,,
Hardwick,NJ,1619.0,,
Ideal Beach,NJ,4178.0,,
Irvington,NJ,54312.0,,
Jersey City,NJ,270753.0,40.7161,-74.0683
Little Egg Harbor,NJ,21712.0,,
Little Egg Harbor Township,NJ,4178.0,,
Logan Township,NJ,4178.0,,
Lyndhurst,NJ,22918.0,,
Manchester,NJ,43723.0,,
Mantoloking,NJ,257.0,40.0434,-74.0512
Maurice River,NJ,5949.0,,
Millville,NJ,27918.0,39.3903,-75.0561
Morris Township,NJ,4178.0,,
New Brunswick,NJ,57073.0,40.487,-74.445
Newark,NJ,285154.0,40.7245,-74.1725
North Bergen,NJ,60666.0,,
Old Bridge,NJ,65590.0,,
Orange,NJ,4178.0,,
Passaic,NJ,71247.0,40.8574,-74.1282
Paterson,NJ,148678.0,40.9147,-74.1624
Pemberton,NJ,1340.0,39.9715,-74.6855
Princeton,NJ,31822.0,40.3563,-74.6693
Secaucus,NJ,20215.0,40.781,-74.0659
Toms River,NJ,94108.0,,
Trenton,NJ,296869.0,40.2236,-74.7641
Ventnor,NJ,4178.0,,
Vineland,NJ,94734.0,39.4653,-74.9981
Wayne,NJ,53369.0,,
Winslow,NJ,38629.0,,
Woodbridge,NJ,100145.0,,
Alamogordo,NM,32745.0,32.8837,-105.9624
Albuquerque,NM,758523.0,35.1053,-106.6464
Angel Fire,NM,1089.0,36.3821,-105.2718
Artesia,NM,13464.0,32.8492,-104.4275
Bernalillo,NM,9638.0,35.3127,-106.5537
Carlsbad,NM,32848.0,32.4013,-104.2388
Carrizozo,NM,936.0,33.6433,-105.8411
Clovis,NM,42875.0,34.4376,-103.1923
Crownpoint,NM,2445.0,35.688,-108.1494
Deming,NM,14228.0,32.2631,-107.7525
Edgewood,NM,3892.0,35.1318,-106.2151
Eldorado,NM,4178.0,,
Farmington,NM,52555.0,36.7555,-108.1823
Fort Sumner,NM,933.0,34.479,-104.2331
Gallup,NM,23415.0,35.5183,-108.7423
Hanover,NM,288.0,32.8149,-108.0897
Hobbs,NM,40614.0,32.7282,-103.16
Jal,NM,2069.0,32.1148,-103.19
Laguna Pueblo,NM,4178.0,,
Las Cruces,NM,133988.0,32.3265,-106.7893
Los Lunas,NM,66613.0,34.8115,-106.7803
Lovington,NM,11743.0,32.9125,-103.3277
Meadowlake,NM,4178.0,,
Naschitti,NM,392.0,36.0625,-108.68
Penasco,NM,4178.0,,
Pueblo of Laguna,NM,4178.0,,
Roswell,NM,49119.0,33.373,-104.5294
Rowe,NM,271.0,35.4922,-105.6715
Rudioso,NM,4178.0,,
Ruidoso,NM,9269.0,33.3648,-105.6432
San Rafael,NM,892.0,35.0878,-107.8895
Santa Fe,NM,110078.0,35.6619,-105.9819
Socorro,NM,8383.0,34.0543,-106.9066
Sunland Park,NM,17061.0,31.8194,-106.5943
Taos,NM,13571.0,36.3871,-105.5803
Truth or Consequences,NM,7274.0,33.1864,-107.2589
Tucumcari,NM,4841.0,35.1701,-103.7042
Tularosa,NM,2820.0,33.0753,-106.0175
Boulder City,NV,14741.0,35.8407,-114.9257
Carson City,NV,57525.0,39.1511,-119.7474
Elko,NV,21178.0,40.8387,-115.7674
Gardnerville Ranchos,NV,11103.0,38.8872,-119.7426
Henderson,NV,302539.0,36.0146,-115.0362
Jean,NV,4178.0,,
Las Vegas,NV,2073045.0,36.2333,-115.2654
Lovelock,NV,1788.0,40.1789,-118.4773
Mercury,NV,4178.0,,
North Las Vegas,NV,242975.0,36.288,-115.0901
Pahrump,NV,35812.0,36.2411,-116.0176
Reno,NV,433271.0,39.5497,-119.8483
Silver Springs,NV,4786.0,39.3826,-119.2149
Spanish Springs,NV,16458.0,39.6567,-119.6695
Sparks,NV,100888.0,39.5729,-119.7157
Stead,NV,4178.0,,
Sunridge,NV,4178.0,,
Washoe,NV,4178.0,,
West Wendover,NV,5236.0,40.7407,-114.0783
Yerington,NV,2990.0,38.9554,-119.1101
Albany,NY,597270.0,42.6664,-73.7987
Ardsley,NY,4589.0,41.0135,-73.8395
Arietta,NY,274.0,,
Beacon,NY,14289.0,41.5036,-73.9655
Berne,NY,2764.0,,
Brentwood,NY,63115.0,40.7839,-73.2522
Bronx,NY,1455720.0,40.8501,-73.8662
Brooklyn,NY,2629150.0,40.6501,-73.9496
Buffalo,NY,926261.0,42.9017,-78.8487
Canandaigua,NY,10289.0,42.8885,-77.2805
Cheektowaga,NY,85884.0,,
Clarendon,NY,3471.0,,
Coney Island,NY,4178.0,,
Constantia,NY,4827.0,,
Deposit,NY,1556.0,42.0634,-75.4224
East Northport,NY,19465.0,40.8792,-73.3232
Edinburg,NY,1213.0,,
Elmira,NY,64664.0,42.0938,-76.8097
Fredonia,NY,10567.0,42.4407,-79.3319
Geneseo,NY,8468.0,42.799,-77.8095
Glenville,NY,29271.0,,
Greece,NY,95499.0,,
Greenport,NY,2230.0,41.1031,-72.3669
Horseheads,NY,6460.0,42.1689,-76.8299
Islip,NY,329610.0,,
Ithaca,NY,55439.0,42.4442,-76.5032
Jamaica,NY,4178.0,,
Kirkwood,NY,5479.0,,
Lee,NY,6369.0,,
Malone,NY,10391.0,44.849,-74.2889
Manhasset,NY,7922.0,40.7884,-73.6943
Manlius,NY,4503.0,43.0017,-75.9819
Maspeth,NY,4178.0,,
Merrick,NY,20679.0,40.6515,-73.5535
Middletown,NY,57973.0,41.4458,-74.4228
Montgomery,NY,4562.0,41.5216,-74.2388
Mount Vernon,NY,68703.0,40.9136,-73.8291
New City,NY,34338.0,41.1543,-73.9909
New Paltz,NY,7031.0,41.7495,-74.0809
New Rochelle,NY,79946.0,40.9305,-73.7836
New York,NY,19354922.0,40.6943,-73.9249
Newburgh,NY,28363.0,41.5037,-74.0205
Oceanside,NY,30710.0,40.6328,-73.6363
Pembroke,NY,4135.0,,
Port Jervis,NY,16410.0,41.3782,-74.6909
Potsdam,NY,9566.0,44.6699,-74.9831
Queens,NY,2333054.0,40.7498,-73.7976
Rochester,NY,711998.0,43.168,-77.6162
Rotterdam,NY,29973.0,,
Schenectady,NY,65625.0,42.8025,-73.9276
Shirley,NY,27186.0,40.7949,-72.8743
Sodus,NY,2726.0,43.2371,-77.0628
Stanfordville,NY,4178.0,,
Staten Island,NY,476015.0,40.5834,-74.1496
Syracuse,NY,407259.0,43.0409,-76.1438
Tremont,NY,4178.0,,
Troy,NY,49565.0,42.7354,-73.6751
Warwick,NY,12254.0,41.2551,-74.355
Yonkers,NY,202019.0,40.9466,-73.8674
Akron,OH,565920.0,41.0798,-81.5219
Alliance,OH,31758.0,40.9107,-81.1189
Apple Creek,OH,1187.0,40.7486,-81.8334
Ashtabula,OH,27840.0,41.8806,-80.7984
Ashtabula Township,OH,4178.0,,
Ashville,OH,6297.0,39.7239,-82.9576
Barberton,OH,26120.0,41.0094,-81.6037
Beverly,OH,1318.0,39.55,-81.6362
Brooklyn,OH,10792.0,41.4349,-81.7498
Brookville,OH,5888.0,39.8393,-84.4176
Butler Township,OH,4178.0,,
Canton,OH,271184.0,40.8076,-81.3678
Celina,OH,11139.0,40.5551,-84.5628
Cincinnati,OH,1648254.0,39.1412,-84.506
Circleville,OH,15657.0,39.6063,-82.9334
Cleveland,OH,1730363.0,41.4767,-81.6805
Colebrook Township,OH,4178.0,,
Columbus,OH,1528314.0,39.986,-82.9851
Crawford County,OH,4178.0,,
Dayton,OH,718169.0,39.7797,-84.1998
Defiance,OH,18519.0,41.281,-84.3659
Delaware,OH,39267.0,40.2866,-83.0747
East Cleveland,OH,17187.0,41.5318,-81.5795
Elyria,OH,53883.0,41.3761,-82.1063
Englewood,OH,13470.0,39.8643,-84.3071
Euclid,OH,47201.0,41.5904,-81.5188
Fairborn,OH,33541.0,39.801,-84.0094
Fairfield,OH,42566.0,39.3301,-84.5405
Fairview,OH,80.0,40.0573,-81.235
Findlay,OH,48582.0,41.0467,-83.6379
Franklin County,OH,4178.0,,
Franklinton,OH,4178.0,,
Geneva Township,OH,4178.0,,
Girard,OH,9378.0,41.1666,-80.6963
Green,OH,25747.0,40.9483,-81.4757
Hamilton,OH,62092.0,39.3938,-84.5652
Harrison Township,OH,4178.0,,
Hilltop,OH,538.0,41.1627,-80.7408
Hockingport,OH,171.0,39.1907,-81.7495
Howland Township,OH,4178.0,,
Hudson,OH,22245.0,41.2399,-81.4408
Jasper,OH,725.0,,
Jeffersonville,OH,1180.0,39.6522,-83.555
Kent,OH,29915.0,41.149,-81.361
Kettering,OH,55175.0,39.6957,-84.1496
Lancaster,OH,44200.0,39.7249,-82.6049
Lima,OH,69798.0,40.741,-84.1121
Madison Township,OH,4178.0,,
Mansfield,OH,72635.0,40.7656,-82.5275
Martins Ferry,OH,6659.0,40.1014,-80.7253
Medina,OH,26190.0,41.1358,-81.8694
Miami Township,OH,4178.0,,
Montpelier,OH,3809.0,41.5817,-84.5968
Moraine,OH,6445.0,39.6983,-84.2459
Mt. Auburn,OH,4178.0,,
New Straitsville,OH,711.0,39.5793,-82.2343
Niles,OH,18473.0,41.1878,-80.7531
North Royalton,OH,30294.0,41.3138,-81.7452
Northwood,OH,5396.0,41.6089,-83.4836
Oak Hill,OH,1518.0,38.8962,-82.5691
Parma,OH,79167.0,41.3843,-81.7286
Perry Township,OH,4178.0,,
Pike County,OH,4178.0,,
Powatan Point,OH,4178.0,,
Richmond Heights,OH,10417.0,41.5589,-81.5029
Rome,OH,92.0,38.6657,-83.3793
Southington,OH,3520.0,,
Springfield,OH,83286.0,39.9297,-83.7957
St. Clair Township,OH,4178.0,,
Steubenville,OH,18003.0,40.3653,-80.652
Struthers,OH,10254.0,41.051,-80.592
Sugarcreek,OH,2212.0,40.5076,-81.6409
Sylvania Township,OH,4178.0,,
Tiffin,OH,19091.0,41.1165,-83.1805
Toledo,OH,488672.0,41.6639,-83.5822
Trotwood,OH,24386.0,39.7927,-84.3165
Twinsburg,OH,18959.0,41.322,-81.4451
Union Township,OH,4178.0,,
Uniontown,OH,3319.0,40.9736,-81.4045
Van Wert,OH,10557.0,40.8653,-84.5873
Vandalia,OH,15053.0,39.8791,-84.193
Wadsworth,OH,23476.0,41.0279,-81.7324
Warren,OH,39562.0,41.239,-80.8174
Washington Court House,OH,15192.0,39.5383,-83.4279
Waverly,OH,4309.0,39.1256,-82.9836
Westerville,OH,39737.0,40.1241,-82.9209
Westlake,OH,32297.0,41.4524,-81.9295
Whitehall,OH,18913.0,39.9682,-82.8833
Willoughby,OH,22860.0,41.646,-81.4084
Zanesville,OH,41969.0,39.9567,-82.0133
Ada,OK,17886.0,34.7686,-96.6689
Allen,OK,930.0,34.8774,-96.413
Anadarko,OK,5806.0,35.0652,-98.2441
Ardmore,OK,21315.0,34.1943,-97.1253
Bartlesville,OK,39568.0,36.7357,-95.9452
Bethany,OK,19402.0,35.5072,-97.6417
Bixby,OK,26724.0,35.9454,-95.8773
Blackwell,OK,6564.0,36.8011,-97.3009
Boswell,OK,690.0,34.0281,-95.8685
Broken Bow,OK,4207.0,34.0276,-94.7419
Bunch,OK,4178.0,,
Burns Flat,OK,1939.0,35.3548,-99.1751
Byars,OK,269.0,34.8724,-97.0541
Byng,OK,1194.0,34.8659,-96.6678
Cache,OK,2658.0,34.6297,-98.6181
Catoosa,OK,7024.0,36.1832,-95.7663
Chickasha,OK,15974.0,35.041,-97.9472
Claremore,OK,25365.0,36.3143,-95.6101
Coal County,OK,4178.0,,
Colbert,OK,1220.0,33.8578,-96.5043
Cushing,OK,6637.0,35.9797,-96.7603
Del City,OK,21798.0,35.4483,-97.4408
Edmond,OK,91950.0,35.6689,-97.4159
Enid,OK,48325.0,36.4061,-97.8701
Eufaula,OK,2888.0,35.2922,-95.5862
Fairfax,OK,1298.0,36.5698,-96.708
Fairland,OK,1039.0,36.7506,-94.8484
Fort Smith,OK,4178.0,,
Grant,OK,326.0,33.9387,-95.5155
Guthrie,OK,9123.0,35.8424,-97.4354
Healdton,OK,2718.0,34.2335,-97.4868
Henryetta,OK,6271.0,35.4421,-95.9847
Hominy,OK,3361.0,36.422,-96.3929
Jay,OK,2528.0,36.4273,-94.7954
Kansas,OK,798.0,36.2058,-94.789
Kellyville,OK,1157.0,35.9481,-96.2137
Kiowa,OK,681.0,34.7223,-95.9018
Lawton,OK,91383.0,34.6176,-98.4203
Leedey,OK,440.0,35.8689,-99.345
Logan County,OK,4178.0,,
Mannford,OK,3087.0,36.1295,-96.3347
McAlester,OK,19140.0,34.9262,-95.7698
McLoud,OK,4685.0,35.407,-97.1014
Miami,OK,15718.0,36.8877,-94.8718
Midwest City,OK,57308.0,35.463,-97.3709
Millerton,OK,314.0,33.9832,-95.0177
Moore,OK,61523.0,35.3293,-97.4757
Muskogee,OK,40588.0,35.743,-95.3566
Mustang,OK,21222.0,35.3917,-97.7246
Noble County,OK,4178.0,,
Norman,OK,115065.0,35.2335,-97.3471
Norwood,OK,4178.0,,
Oaks,OK,285.0,36.1695,-94.8526
Okarche,OK,1322.0,35.7189,-97.9757
Okemah,OK,3126.0,35.4297,-96.3005
Oklahoma City,OK,955998.0,35.4676,-97.5137
Okmulgee,OK,13685.0,35.6137,-96.0068
Okmulgee County,OK,4178.0,,
Owasso,OK,36215.0,36.2882,-95.8328
Pink,OK,2137.0,35.2327,-97.1002
Pittsburg,OK,196.0,34.7116,-95.8502
Ponca City,OK,24849.0,36.7235,-97.0679
Porteau,OK,4178.0,,
Poteau,OK,8106.0,35.043,-94.6357
Pottawatomie County,OK,4178.0,,
Prague,OK,2412.0,35.4997,-96.6999
Pryor,OK,4178.0,,
Roland,OK,3711.0,35.4147,-94.5137
Rufe,OK,4178.0,,
Rush Springs,OK,1251.0,34.7792,-97.9572
Sallisaw,OK,7818.0,35.4605,-94.807
Sand Springs,OK,19909.0,36.1343,-96.1283
Sapulpa,OK,20843.0,36.0089,-96.0983
Schulter,OK,501.0,35.511,-95.9567
Sperry,OK,1301.0,36.2978,-95.9917
Stillwater,OK,48550.0,36.1315,-97.074
Tahlequah,OK,19676.0,35.9116,-94.9773
Talihina,OK,1083.0,34.7522,-95.0409
The Village,OK,9407.0,35.5706,-97.5567
Tishomingo,OK,3074.0,34.2387,-96.6806
Tom,OK,4178.0,,
Tulsa,OK,672054.0,36.1284,-95.9043
Vinita,OK,5639.0,36.6364,-95.1769
Wagoner,OK,8603.0,35.9641,-95.3791
Washita County,OK,4178.0,,
Watts,OK,310.0,36.1073,-94.5717
Wetumka,OK,1203.0,35.241,-96.2389
Wewoka,OK,2969.0,35.1441,-96.4967
Wilburton,OK,2767.0,34.9183,-95.3047
Aloha,OR,55205.0,45.492,-122.8726
Amity,OR,1688.0,45.1155,-123.2034
Bandon,OR,3166.0,43.1141,-124.4158
Beaverton,OR,97514.0,45.4779,-122.8168
Bend,OR,103349.0,44.0562,-121.3087
Boring,OR,4178.0,,
Burns,OR,4080.0,43.5882,-119.0614
Cave Junction,OR,1971.0,42.1672,-123.6473
Central Point,OR,18234.0,42.3765,-122.911
Clackamas County,OR,4178.0,,
Colton,OR,4178.0,,
Coos Bay,OR,32030.0,43.3789,-124.233
Cottage Grove,OR,11556.0,43.7961,-123.0573
Dallas,OR,17146.0,44.9222,-123.3131
Eugene,OR,267568.0,44.0563,-123.1173
Florence,OR,10755.0,43.9913,-124.1062
Grants Pass,OR,54973.0,42.4333,-123.3316
Gresham,OR,111053.0,45.5023,-122.4413
Hillsboro,OR,106894.0,45.5272,-122.936
Josephine County,OR,4178.0,,
Keizer,OR,39315.0,45.0029,-123.0241
King City,OR,3892.0,45.401,-122.8068
Klamath Falls,OR,42463.0,42.2191,-121.7754
Lincoln CIty,OR,4178.0,,
McMinnville,OR,41583.0,45.211,-123.1918
Medford,OR,168219.0,42.3372,-122.8537
Milwaukie,OR,20801.0,45.4447,-122.6221
Oakridge,OR,3303.0,43.745,-122.4637
Ontario,OR,24738.0,44.0259,-116.976
Oregon City,OR,36360.0,45.3414,-122.5927
Polk County,OR,4178.0,,
Portland,OR,2052796.0,45.5371,-122.65
Salem,OR,259816.0,44.9232,-123.0245
Seaside,OR,8817.0,45.9888,-123.9215
Sherwood,OR,19467.0,45.3598,-122.843
Silverton,OR,10750.0,45.003,-122.7808
Springfield,OR,62353.0,44.0538,-122.981
The Dalles,OR,20293.0,45.6053,-121.182
Tualatin,OR,27478.0,45.3772,-122.7746
Washington County,OR,4178.0,,
Welches,OR,4178.0,,
West Linn,OR,26703.0,45.3669,-122.6399
Wilderville,OR,4178.0,,
Wolf Creek,OR,4178.0,,
Abington Township,PA,4178.0,,
Allentown,PA,682899.0,40.5961,-75.4755
Aspers,PA,376.0,39.9764,-77.226
Avella,PA,893.0,40.2737,-80.4672
Bloomsburg,PA,51356.0,41.0026,-76.4561
Bristol Township,PA,4178.0,,
Campbelltown,PA,4454.0,40.2761,-76.5848
Canaan Township,PA,4178.0,,
Canton Township,PA,4178.0,,
Chambersburg,PA,52418.0,39.9315,-77.6556
Chester,PA,34077.0,39.8456,-75.3719
Dover Township,PA,4178.0,,
East Stroudsburg,PA,56771.0,41.0023,-75.1779
Erie,PA,188079.0,42.1168,-80.0733
Fairchance,PA,1902.0,39.8251,-79.754
Forks Township,PA,4178.0,,
Forksville,PA,135.0,41.4896,-76.6028
Fort Littleton,PA,4178.0,,
Franklin Township,PA,4178.0,,
Germantown,PA,4178.0,,
Greensburg,PA,14299.0,40.3113,-79.5444
Hanover Township,PA,4178.0,,
Harrisburg,PA,441580.0,40.2752,-76.8843
Hazleton,PA,55444.0,40.9504,-75.9724
Hummelstown,PA,4634.0,40.2657,-76.7126
Huntingdon County,PA,4178.0,,
Jim Thorpe,PA,5421.0,40.8712,-75.7433
Johnstown,PA,64615.0,40.3258,-78.9194
King of Prussia,PA,20044.0,40.0962,-75.3821
Knoxville,PA,602.0,41.9605,-77.4379
Lancaster,PA,404525.0,40.042,-76.3012
Lancaster City,PA,4178.0,,
Lewistown,PA,21827.0,40.5964,-77.573
Lower Burrell,PA,11228.0,40.5818,-79.7141
Lower Macungie Township,PA,4178.0,,
Lower Mount Bethel,PA,3089.0,,
Manchester Township,PA,4178.0,,
Mead Township,PA,4178.0,,
Mount Washington,PA,4178.0,,
Myerstown,PA,3205.0,40.3722,-76.3055
Nelson Township,PA,4178.0,,
New Kensington,PA,12466.0,40.5711,-79.7521
Old Forge,PA,7937.0,41.3705,-75.7409
Penn Hills,PA,40807.0,,
Penn Township,PA,4178.0,,
Perryopolis,PA,1701.0,40.0868,-79.7528
Philadelphia,PA,5637884.0,40.0077,-75.1339
Philadephia,PA,4178.0,,
Pittsburgh,PA,1715297.0,40.4396,-79.9763
Pittston,PA,7694.0,41.3274,-75.7885
Plymouth Township,PA,4178.0,,
Pottstown,PA,109437.0,40.2507,-75.6444
Prompton,PA,237.0,41.5891,-75.3275
Reading,PA,267300.0,40.34,-75.9267
Ross Township,PA,4178.0,,
Shaler Township,PA,4178.0,,
Sharon,PA,13259.0,41.2339,-80.4997
Smithfield Township,PA,4178.0,,
Somerset,PA,11918.0,40.005,-79.0778
South Greensburg,PA,2017.0,40.2783,-79.5473
South Whitehall Township,PA,4178.0,,
State College,PA,88285.0,40.791,-77.8568
Stewartstown,PA,5142.0,39.7528,-76.5925
Straban Township,PA,4178.0,,
Stroudsburg,PA,5511.0,40.9838,-75.1972
Three Springs,PA,436.0,40.197,-77.9819
Union City,PA,3238.0,41.897,-79.8437
Union Township,PA,4178.0,,
Upper Darby,PA,82930.0,,
Volant,PA,157.0,41.1131,-80.259
Washington,PA,13566.0,40.1739,-80.2465
West Chester,PA,20060.0,39.9601,-75.6058
Wilkinsburg,PA,15554.0,40.4442,-79.8733
York,PA,234245.0,39.9651,-76.7315
York County,PA,4178.0,,
Pawtucket,RI,72001.0,41.8744,-71.3743
Providence,RI,1206642.0,41.823,-71.4187
Tiverton,RI,15662.0,,
Aiken,SC,30721.0,33.5304,-81.727
Anderson,SC,77426.0,34.5212,-82.6478
Andrews,SC,3923.0,33.4494,-79.5659
Belton,SC,5753.0,34.5237,-82.4937
Blacksburg,SC,1893.0,35.1221,-81.5182
Boiling Springs,SC,9152.0,35.045,-81.9779
Camp Croft,SC,4178.0,,
Campobello,SC,569.0,35.1225,-82.1495
Cayce,SC,14086.0,33.9458,-81.0433
Charleston,SC,616085.0,32.8151,-79.963
Chester,SC,9039.0,34.705,-81.2132
Chesterfield County,SC,4178.0,,
Columbia,SC,566166.0,34.0376,-80.9037
Dalzell,SC,3415.0,34.0189,-80.4299
Darlington County,SC,4178.0,,
Easley,SC,21053.0,34.819,-82.5828
Edmund,SC,4178.0,,
Enoree,SC,802.0,34.6593,-81.9609
Florence,SC,91311.0,34.1782,-79.7872
Fountain Inn,SC,8688.0,34.6995,-82.1999
Goose Creek,SC,42619.0,32.9922,-80.0052
Greenville,SC,467894.0,34.8362,-82.3649
Greenville County,SC,4178.0,,
Greenwood,SC,42174.0,34.1945,-82.1542
Hardeeville,SC,5977.0,32.295,-81.0318
Hartsville,SC,14856.0,34.3679,-80.0829
Horry County,SC,4178.0,,
Huger,SC,4178.0,,
Inman,SC,2320.0,35.0468,-82.0914
Irmo,SC,12250.0,34.1016,-81.1953
Iva,SC,1292.0,34.307,-82.6636
James Island,SC,12083.0,32.7353,-79.9396
Johns Island,SC,4178.0,,
Johnsonville,SC,1492.0,33.8149,-79.4444
Ladson,SC,16511.0,33.0093,-80.1078
Lake City,SC,8489.0,33.8676,-79.7533
Lake View,SC,762.0,34.3406,-79.1663
Lancaster,SC,25247.0,34.7247,-80.7802
Landrum,SC,4565.0,35.1746,-82.1849
Latta,SC,1306.0,34.339,-79.4337
Lexington,SC,21265.0,33.9891,-81.2195
Lexington County,SC,4178.0,,
Little Mountain,SC,302.0,34.1969,-81.4126
Moncks Corner,SC,10933.0,33.1714,-80.0122
Myrtle Beach,SC,260487.0,33.7096,-78.8842
North Charleston,SC,110861.0,32.9067,-80.0722
Orangeburg,SC,31085.0,33.4928,-80.8671
Pelion,SC,699.0,33.7749,-81.2502
Pelzer,SC,1373.0,34.6433,-82.4588
Pendleton,SC,3197.0,34.6453,-82.7822
Piedmont,SC,6155.0,34.7074,-82.4651
Seneca,SC,26818.0,34.6816,-82.9609
Simpsonville,SC,22072.0,34.7291,-82.2572
Spartanburg,SC,183184.0,34.9437,-81.9256
Summerville,SC,50388.0,33.0016,-80.1795
Sumter,SC,72131.0,33.9392,-80.393
Sun City,SC,4178.0,,
Surfside Beach,SC,4422.0,33.6092,-78.9772
Swansea,SC,928.0,33.7396,-81.1053
Taylors,SC,22919.0,34.9157,-82.3124
Union County,SC,4178.0,,
Walterboro,SC,9013.0,32.901,-80.676
York,SC,8351.0,34.9967,-81.234
Box Elder,SD,9600.0,44.1129,-103.0806
Kyle,SD,791.0,43.4245,-102.1802
Lead,SD,3574.0,44.3527,-103.767
Mitchell,SD,15297.0,43.7296,-98.0337
New Underwood,SD,665.0,44.0978,-102.8362
Parmelee,SD,809.0,43.3241,-101.041
Rapid City,SD,88979.0,44.0716,-103.2205
Rapid Valley,SD,9034.0,44.0674,-103.1225
Rosebud,SD,1528.0,43.2399,-100.8229
Sioux Falls,SD,180204.0,43.5397,-96.7321
White Lake,SD,372.0,43.7283,-98.7117
300 block of State Line Road,TN,4178.0,,
Alamo,TN,2329.0,35.7831,-89.1167
Antioch,TN,4178.0,,
Arlington,TN,11681.0,35.2594,-89.668
Bartlett,TN,59102.0,35.2337,-89.8195
Blountville,TN,2654.0,36.533,-82.329
Bluff City,TN,1664.0,36.4586,-82.277
Bon Aqua,TN,4178.0,,
Bradley County,TN,4178.0,,
Bristol,TN,69865.0,36.5572,-82.2154
Bulls Gap,TN,714.0,36.2616,-83.0788
Carthage,TN,3220.0,36.2566,-85.943
Charleston,TN,681.0,35.2863,-84.7611
Chattanooga,TN,407182.0,35.0657,-85.2487
Cheatham County,TN,4178.0,,
Church Hill,TN,6674.0,36.5204,-82.7151
Claiborne County,TN,4178.0,,
Clarkrange,TN,821.0,36.1857,-85.0096
Clarksville,TN,182849.0,36.5696,-87.3428
Clinton,TN,10103.0,36.0981,-84.1283
Cocke County,TN,4178.0,,
Collierville,TN,50286.0,35.0471,-89.6988
Columbia,TN,38577.0,35.6236,-87.0487
Cosby,TN,4178.0,,
Counce,TN,4178.0,,
Cumberland County,TN,4178.0,,
DeKalb County,TN,4178.0,,
Decatur County,TN,4178.0,,
Dickson,TN,17085.0,36.064,-87.3668
Dyersburg,TN,21043.0,36.0465,-89.3777
East Ridge,TN,21118.0,34.9973,-85.2285
Elizabethon,TN,4178.0,,
Elizabethton,TN,13743.0,36.3367,-82.2369
Estill Springs,TN,2011.0,35.2753,-86.1395
Etowah,TN,4096.0,35.3381,-84.5282
Fairview,TN,7233.0,35.9815,-87.1293
Franklin,TN,78321.0,35.9216,-86.8525
Franklin County,TN,4178.0,,
Gallatin,TN,37351.0,36.3782,-86.4696
Germantown,TN,39141.0,35.0829,-89.7825
Gibson County,TN,4178.0,,
Gray,TN,1973.0,36.4219,-82.4767
Greenback,TN,1138.0,35.6488,-84.1724
Greeneville,TN,23678.0,36.168,-82.8198
Greenville,TN,4178.0,,
Hamilton County,TN,4178.0,,
Hendersonville,TN,57517.0,36.3063,-86.5998
Hixson,TN,4178.0,,
Hohenwald,TN,3551.0,35.5514,-87.554
Humboldt,TN,8448.0,35.8255,-88.9043
Jackson,TN,73685.0,35.6536,-88.8353
Johnson City,TN,126589.0,36.3406,-82.3803
Jonesborough,TN,5397.0,36.2959,-82.4766
Kingsport,TN,118001.0,36.5224,-82.5452
Knoxville,TN,585249.0,35.9692,-83.9496
LaFollette,TN,4178.0,,
Lakeland,TN,12618.0,35.2585,-89.7308
Lawrenceburg,TN,10433.0,35.2497,-87.3325
Lenoir City,TN,9199.0,35.811,-84.2817
Lewisburg,TN,11177.0,35.4493,-86.7896
Livingston,TN,3455.0,36.3875,-85.3265
McLemoresville,TN,333.0,35.9863,-88.5801
McMinnville,TN,15449.0,35.6863,-85.7812
Memphis,TN,1068873.0,35.1046,-89.9773
Monteagle,TN,1177.0,35.2367,-85.8512
Morristown,TN,60316.0,36.2047,-83.3005
Mt. Pleasant,TN,4178.0,,
Mufreesboro,TN,4178.0,,
Nashville,TN,1076645.0,36.1715,-86.7843
Newport,TN,11343.0,35.9617,-83.1977
Oak Ridge,TN,29096.0,35.9638,-84.2938
Oneida,TN,4242.0,36.5172,-84.5104
Ooltewah,TN,512.0,35.0722,-85.0547
Pigeon Forge,TN,6238.0,35.7977,-83.5623
Raleigh,TN,4178.0,,
Reagan,TN,4178.0,,
Rockwood,TN,5434.0,35.8693,-84.673
Sale Creek,TN,2596.0,35.3895,-85.0875
Sevierville,TN,24958.0,35.8873,-83.5678
Shelbyville,TN,21182.0,35.4987,-86.4516
Smith County,TN,4178.0,,
Smyrna,TN,49969.0,35.9722,-86.5253
Soddy Daisy,TN,4178.0,,
Soddy-Daisy,TN,13693.0,35.2571,-85.174
Somerville,TN,3200.0,35.2352,-89.3868
South Knoxville,TN,4178.0,,
Sparta,TN,5464.0,35.9347,-85.4726
Spring Hill,TN,42563.0,35.7438,-86.9116
Tullahoma,TN,17781.0,35.3721,-86.2173
Walter Hill,TN,4178.0,,
West Knox,TN,4178.0,,
Whitehaven,TN,4178.0,,
Winchester,TN,11642.0,35.1898,-86.1075
Abilene,TX,114964.0,32.4543,-99.7384
Addison,TX,15458.0,32.9586,-96.8356
Allen,TX,100685.0,33.1088,-96.6735
Alvin,TX,26474.0,29.387,-95.2936
Amarillo,TX,206072.0,35.1989,-101.831
Arlington,TX,396394.0,32.6998,-97.1251
Austin,TX,1638716.0,30.3006,-97.7517
Azle,TX,12495.0,32.8955,-97.5379
Bacliff,TX,10925.0,29.5077,-94.988
Balch Springs,TX,25357.0,32.7194,-96.6151
Baytown,TX,76804.0,29.7586,-94.9669
Beaumont,TX,148954.0,30.085,-94.1451
Beckville,TX,826.0,32.2436,-94.4561
Bedford,TX,49486.0,32.8464,-97.135
Bellville,TX,4137.0,29.9472,-96.2597
Bexar County,TX,4178.0,,
Boerne,TX,16050.0,29.7844,-98.7289
Bracketville,TX,4178.0,,
Brookshire,TX,5022.0,29.7826,-95.9545
Brownsville,TX,227883.0,25.998,-97.4565
Burnet,TX,5762.0,30.7496,-98.2382
Camp Wood,TX,726.0,29.669,-100.0108
Campbellton,TX,4178.0,,
Canutillo,TX,5075.0,31.9185,-106.6006
Carrollton,TX,135710.0,32.989,-96.8999
Cedar Hill,TX,48710.0,32.5809,-96.9592
Cedar Lake,TX,4178.0,,
Channelview,TX,40983.0,29.7914,-95.1145
Chapeno,TX,24.0,26.5507,-99.1339
Childress,TX,4684.0,34.4293,-100.2516
Cinco Ranch,TX,18200.0,29.7395,-95.7606
Cisco,TX,3568.0,32.3848,-98.9805
Clarksville,TX,3032.0,33.611,-95.0562
Cloverleaf,TX,24023.0,29.7882,-95.1724
Clute,TX,11634.0,29.0257,-95.3975
Cochran County,TX,4178.0,,
Conroe,TX,84378.0,30.3224,-95.482
Corpus Christi,TX,341435.0,27.7261,-97.3755
Crowell,TX,866.0,33.9839,-99.7241
Dalhart,TX,8121.0,36.0579,-102.5123
Dallas,TX,5733259.0,32.7936,-96.7662
DeSoto,TX,53568.0,32.5992,-96.8633
Del Rio,TX,44424.0,29.3708,-100.88
Denton,TX,440146.0,33.2176,-97.1419
Denton County,TX,4178.0,,
Dilley,TX,4407.0,28.6675,-99.1765
Dumas,TX,14931.0,35.8613,-101.9642
Edinburg,TX,90280.0,26.3197,-98.1596
El Paso,TX,845674.0,31.8479,-106.4309
Ellis County,TX,4178.0,,
Elmendorf,TX,1945.0,29.258,-98.3219
Euless,TX,55174.0,32.8508,-97.0799
Fairfield,TX,3242.0,31.7184,-96.1697
Farmers Branch,TX,37088.0,32.9272,-96.8806
Floresville,TX,7126.0,29.14,-98.163
Fort Stockton,TX,9421.0,30.8926,-102.8847
Fort Worth,TX,874168.0,32.7812,-97.3472
Freeport,TX,12169.0,28.9454,-95.3602
Friendswood,TX,39839.0,29.5112,-95.1979
Fritch,TX,3744.0,35.6431,-101.5964
Fulshear,TX,10044.0,29.693,-95.8792
Fuqua,TX,4178.0,,
Galveston,TX,46561.0,29.2487,-94.891
Garland,TX,238002.0,32.91,-96.6305
Georgetown,TX,70685.0,30.6668,-97.6953
Giddings,TX,5261.0,30.1833,-96.9279
Gilmer,TX,5261.0,32.7317,-94.946
Gladewater,TX,6408.0,32.5426,-94.9465
Gonzales County,TX,4178.0,,
Grand Prairie,TX,193837.0,32.687,-97.0209
Grand Prarie,TX,4178.0,,
Greenspoint,TX,4178.0,,
Groveton,TX,1034.0,31.0572,-95.1269
Guadalupe County,TX,4178.0,,
Harker Heights,TX,31075.0,31.0572,-97.6445
Harmony,TX,4178.0,,
Harris County,TX,4178.0,,
Henderson County,TX,4178.0,,
Hereford,TX,15440.0,34.8232,-102.4001
Hopkins County,TX,4178.0,,
Houston,TX,5446468.0,29.7869,-95.3905
Humble,TX,15997.0,29.9921,-95.2655
Huntsville,TX,39542.0,30.705,-95.5545
Hurst,TX,39051.0,32.8353,-97.1808
Hutchins,TX,5627.0,32.6421,-96.7093
Irving,TX,240373.0,32.8584,-96.9702
Jourdanton,TX,4336.0,28.9138,-98.5411
Katy,TX,18282.0,29.7905,-95.8353
Kerrville,TX,30148.0,30.0398,-99.1319
Killeen,TX,247489.0,31.0755,-97.7297
Kingsbury,TX,683.0,29.6541,-97.8
Kingwood,TX,4178.0,,
Knox County,TX,4178.0,,
Kountze,TX,2113.0,30.3724,-94.3161
La Marque,TX,16766.0,29.369,-94.9957
La Porte,TX,35371.0,29.669,-95.0483
Lake Jackson,TX,76565.0,29.0516,-95.4521
Lancaster,TX,39386.0,32.5922,-96.7737
Lantana,TX,9503.0,33.092,-97.1216
Laredo,TX,260244.0,27.5617,-99.4874
League City,TX,104903.0,29.4874,-95.1087
Leon County,TX,4178.0,,
Levelland,TX,13884.0,33.5806,-102.3636
Littlefield,TX,5558.0,33.9191,-102.3349
Llano,TX,3064.0,30.7508,-98.6763
Lockhart,TX,13396.0,29.8785,-97.6831
Longview,TX,100196.0,32.5192,-94.7622
Lorena,TX,1761.0,31.3818,-97.2127
Lubbock,TX,262505.0,33.5642,-101.8871
Lufkin,TX,45912.0,31.3217,-94.7277
Mabank,TX,3446.0,32.3682,-96.1141
Mansfield,TX,68928.0,32.569,-97.1211
Marshall,TX,21672.0,32.537,-94.3515
Maryneal,TX,4178.0,,
Mathis,TX,5776.0,28.0909,-97.817
McKinney,TX,235134.0,33.2016,-96.6669
Mesquite,TX,143949.0,32.7623,-96.5889
Midland,TX,144247.0,32.0249,-102.1137
Midlothian,TX,25254.0,32.4718,-96.9877
Mission,TX,84424.0,26.204,-98.3251
Missouri City,TX,74497.0,29.563,-95.5365
Monahans,TX,8312.0,31.6289,-103.0404
Myra,TX,4178.0,,
Nacogdoches,TX,35192.0,31.6135,-94.6528
New Boston,TX,4822.0,33.4612,-94.4182
Nocona,TX,2896.0,33.7835,-97.7302
North Laredo,TX,4178.0,,
Oak Cliff,TX,4178.0,,
Odessa,TX,147810.0,31.8831,-102.3406
Onalaska,TX,7832.0,30.8209,-95.111
Palestine,TX,18835.0,31.7544,-95.6471
Panhandle,TX,2350.0,35.346,-101.3804
Paris,TX,25961.0,33.6689,-95.5462
Pasadena,TX,153520.0,29.6584,-95.1499
Pattison,TX,586.0,29.819,-95.9761
Pearland,TX,119940.0,29.5585,-95.3215
Pharr,TX,79487.0,26.1685,-98.1904
Plainview,TX,24150.0,34.1911,-101.7234
Plano,TX,286143.0,33.0502,-96.7487
Ponder,TX,1949.0,33.1776,-97.2909
Port Arthur,TX,157934.0,29.8554,-93.9264
Poteet,TX,3350.0,29.0372,-98.5728
Progreso,TX,5938.0,26.0962,-97.9566
Quanah,TX,2529.0,34.2954,-99.7429
Quinlan,TX,1483.0,32.909,-96.1312
Refugio,TX,2846.0,28.3073,-97.275
Reno,TX,3300.0,33.6659,-95.4768
Rio Bravo,TX,8012.0,27.3648,-99.482
Rockwall,TX,44208.0,32.917,-96.4377
Rosenberg,TX,37661.0,29.546,-95.822
Rosser,TX,375.0,32.4648,-96.4431
Round Rock,TX,123678.0,30.5254,-97.6659
Saginaw,TX,23014.0,32.8657,-97.3652
San Angelo,TX,99890.0,31.4426,-100.4501
San Antonio,TX,2002530.0,29.4658,-98.5254
San Marcos,TX,74212.0,29.8736,-97.938
Sandia,TX,875.0,28.0199,-97.8701
Sanger,TX,7128.0,33.3712,-97.1677
Schertz,TX,40092.0,29.5648,-98.2537
Seagoville,TX,16715.0,32.653,-96.5455
Seminole,TX,7613.0,32.7215,-102.6504
Shelbyville,TX,4178.0,,
Sherman,TX,67354.0,33.6266,-96.6195
Sierra Blanca,TX,641.0,31.1834,-105.3395
Silsbee,TX,9694.0,30.3456,-94.1764
Snyder,TX,11678.0,32.7133,-100.9113
Socorro,TX,34048.0,31.6384,-106.2601
Splendora,TX,2042.0,30.2321,-95.1617
Spring,TX,57932.0,30.0613,-95.383
Springtown,TX,2873.0,32.9695,-97.6805
Stratford,TX,2077.0,36.3376,-102.076
Sunset,TX,377.0,33.4479,-97.7663
Sweetwater,TX,9940.0,32.4693,-100.4092
Tahoka,TX,2513.0,33.164,-101.7949
Temple,TX,101876.0,31.1076,-97.3894
Terrell,TX,16733.0,32.7341,-96.2939
The Colony,TX,42721.0,33.0927,-96.8977
Tomball,TX,11707.0,30.0964,-95.6186
Vernon,TX,9941.0,34.148,-99.3
Victoria,TX,68271.0,28.8285,-96.985
Waco,TX,188448.0,31.5597,-97.1882
Watagua,TX,4178.0,,
Watauga,TX,24602.0,32.8718,-97.2515
Weatherford,TX,42278.0,32.7535,-97.7724
Webster,TX,11123.0,29.5317,-95.1188
West Odessa,TX,25781.0,31.8388,-102.4996
Whitewright,TX,1678.0,33.5108,-96.3957
Wichita Falls,TX,99617.0,33.9072,-98.529
Willis,TX,6436.0,30.4314,-95.4832
Wimberley,TX,3019.0,29.9849,-98.0906
Wink,TX,1006.0,31.7545,-103.1541
Winnie,TX,3223.0,29.8167,-94.3807
Winters,TX,2429.0,31.9564,-99.9293
Wood County,TX,4178.0,,
Aragonite,UT,4178.0,,
Cedar City,UT,36592.0,37.6834,-113.0956
Centerville,UT,17657.0,40.9284,-111.8849
Clearfield,UT,31363.0,41.103,-112.0237
Clinton,UT,21971.0,41.1395,-112.0656
Cottonwood Heights,UT,33996.0,40.6137,-111.8144
Draper,UT,47710.0,40.4956,-111.8607
Eagle Mountain,UT,32204.0,40.3137,-112.0114
Emery County,UT,4178.0,,
Kearns,UT,37194.0,40.652,-112.0093
Layton,UT,76691.0,41.0771,-111.9622
Logan,UT,100774.0,41.74,-111.8419
Logan Canyon,UT,4178.0,,
Magna,UT,28257.0,40.7094,-112.0828
Milcreek,UT,4178.0,,
Millcreek,UT,60192.0,40.6892,-111.8291
Montezuma Creek,UT,389.0,37.2563,-109.303
Ogden,UT,573632.0,41.228,-111.9677
Orem,UT,97839.0,40.2983,-111.6992
Parowan,UT,2778.0,37.8326,-112.8296
Provo,UT,503695.0,40.2457,-111.6457
Riverton,UT,43344.0,40.5176,-111.9635
Roosevelt,UT,6694.0,40.2925,-110.0094
Roy,UT,38595.0,41.1717,-112.048
Salt Lake City,UT,1098400.0,40.7774,-111.93
Sandy,UT,96145.0,40.5706,-111.851
South Ogden,UT,17101.0,41.1714,-111.9568
South Salt Lake,UT,24956.0,40.7056,-111.8986
Spanish Fork,UT,39443.0,40.1102,-111.6405
Sugar House,UT,4178.0,,
Syracuse,UT,29507.0,41.0864,-112.0697
Taylorsville,UT,59992.0,40.6569,-111.9493
Wellington,UT,1604.0,39.5358,-110.7345
West Jordan,UT,113905.0,40.6024,-112.0008
West Valley City,UT,136170.0,40.6889,-112.0115
Abingdon,VA,7981.0,36.7089,-81.9713
Aldie,VA,4178.0,,
Alexandria,VA,160035.0,38.8185,-77.0861
Arlington,VA,229534.0,38.8786,-77.1011
Arvonia,VA,4178.0,,
Bassett,VA,1107.0,36.7615,-79.9866
Bristol,VA,16790.0,36.6179,-82.1607
Buchanan,VA,1169.0,37.5211,-79.6894
Charlottesville,VA,102016.0,38.0375,-78.4855
Chase City,VA,2533.0,36.7998,-78.461
Chesapeake,VA,240397.0,36.6778,-76.3024
Chester,VA,21957.0,37.3531,-77.4342
Colonial Heights,VA,17830.0,37.265,-77.3969
Concord,VA,1446.0,37.3426,-78.9863
Culpeper,VA,19986.0,38.4705,-78.0001
Danville,VA,47135.0,36.5831,-79.4088
Emporia,VA,6366.0,36.6953,-77.5356
Fairfax,VA,24097.0,38.8531,-77.2997
Falls Church,VA,14583.0,38.8847,-77.1751
Farmville,VA,8577.0,37.2959,-78.4002
Fredericksburg,VA,164976.0,38.2992,-77.4872
Glade Spring,VA,1429.0,36.7899,-81.7726
Grayson County,VA,4178.0,,
Grundy,VA,929.0,37.2754,-82.0988
Hampton,VA,134669.0,37.0551,-76.3629
Harrisonburg,VA,74023.0,38.4362,-78.8735
Haymarket,VA,1715.0,38.8121,-77.6363
Henrico,VA,4178.0,,
Herndon,VA,24532.0,38.9699,-77.3867
Hiltons,VA,4178.0,,
Hinton,VA,4178.0,,
Hopewell,VA,22621.0,37.2915,-77.2985
Independence,VA,901.0,36.6254,-81.1511
King George,VA,4997.0,38.2807,-77.1896
Lexington,VA,8841.0,37.7825,-79.444
Lynchburg,VA,125004.0,37.4003,-79.1909
Mecklenburg,VA,4178.0,,
Montgomery County,VA,4178.0,,
Newport News,VA,179388.0,37.1051,-76.5185
Norfolk,VA,244703.0,36.8945,-76.259
Norman,VA,4178.0,,
Pearisburg,VA,2755.0,37.3289,-80.7275
Portsmouth,VA,94572.0,36.8468,-76.354
Powhatan County,VA,4178.0,,
Pulaski,VA,15496.0,37.0528,-80.7624
Richmond,VA,1059907.0,37.5295,-77.4756
Richmond County,VA,4178.0,,
Roanoke,VA,216177.0,37.2785,-79.958
Scott County,VA,4178.0,,
Spotsylvania,VA,4178.0,,
Stafford,VA,4178.0,,
Suffolk,VA,90237.0,36.6953,-76.6398
Sussex County,VA,4178.0,,
Timberville,VA,2645.0,38.6341,-78.773
Virginia Beach,VA,1480383.0,36.7335,-76.0435
Waynesboro,VA,22327.0,38.0674,-78.9014
Winchester,VA,74031.0,39.1735,-78.1746
Wise County,VA,4178.0,,
Woodbridge,VA,4430.0,38.6569,-77.2403
Woodford,VA,4178.0,,
Wythe County,VA,4178.0,,
Wytheville,VA,7024.0,36.953,-81.0881
York County,VA,4178.0,,
Bolton,VT,1180.0,,
Burlington,VT,108277.0,44.4877,-73.2314
Montpelier,VT,7484.0,44.2658,-72.5717
Poultney,VT,1619.0,43.5181,-73.236
Rutland,VT,18571.0,43.6091,-72.9781
Tunbridge,VT,1334.0,,
Winooski,VT,7237.0,44.4951,-73.1843
Aberdeen,WA,29089.0,46.9757,-123.8095
Alderwood Manor,WA,8817.0,47.8147,-122.2676
Auburn,WA,80776.0,47.3041,-122.211
Bainbridge Island,WA,24522.0,47.6439,-122.5434
Beaver,WA,4178.0,,
Bellingham,WA,126015.0,48.7543,-122.4687
Benton City,WA,4591.0,46.2624,-119.4814
Black Diamond,WA,4436.0,47.313,-122.0181
Bothell,WA,45533.0,47.7736,-122.2044
Bremerton,WA,216480.0,47.5436,-122.7121
Burien,WA,51671.0,47.4762,-122.3393
Centralia,WA,41643.0,46.7225,-122.9695
Cheney,WA,12421.0,47.4901,-117.5789
Cle Elum,WA,3768.0,47.1946,-120.9553
Deer Park,WA,3868.0,47.9642,-117.4397
Des Moines,WA,31238.0,47.3914,-122.3154
East Wenatchee,WA,13983.0,47.4172,-120.2809
Eatonville,WA,3038.0,46.8682,-122.2698
Ebey Island,WA,4178.0,,
Elk Plain,WA,14280.0,47.0448,-122.3671
Everett,WA,110079.0,47.9524,-122.167
Federal Way,WA,96690.0,47.309,-122.3359
Fife,WA,10154.0,47.2328,-122.3518
Franklin County,WA,4178.0,,
Frederickstown,WA,4178.0,,
Glenoma,WA,4178.0,,
Graham,WA,26939.0,47.0407,-122.2757
Grapeview,WA,982.0,47.3316,-122.8413
Hillyard,WA,4178.0,,
Hunters,WA,4178.0,,
Kelso,WA,12130.0,46.1248,-122.8909
Kennewick,WA,232915.0,46.1979,-119.1732
Kent,WA,128458.0,47.3887,-122.2128
Kent Station,WA,4178.0,,
Kirkland,WA,88630.0,47.6997,-122.2041
Kittitas,WA,1491.0,46.9837,-120.4191
Lacey,WA,49748.0,47.0458,-122.7934
Lake Stevens,WA,32785.0,48.0029,-122.096
Lakewood,WA,60296.0,47.1628,-122.5299
Longview,WA,65619.0,46.146,-122.963
Lynnwood,WA,38273.0,47.8285,-122.3035
Marysville,WA,166541.0,48.081,-122.1558
Montesano,WA,8494.0,47.0102,-123.5858
Moses Lake,WA,37774.0,47.1284,-119.2741
Muckleshoot Indian Reservation,WA,4178.0,,
Oak Harbor,WA,34663.0,48.2965,-122.6331
Olympia,WA,196078.0,47.0417,-122.8959
Parkland,WA,37019.0,47.1417,-122.4376
Pasco,WA,73013.0,46.2506,-119.1303
Port Orchard,WA,13997.0,47.5164,-122.661
Poulsbo,WA,10670.0,47.7417,-122.6408
Puyallup,WA,41001.0,47.1794,-122.2902
Renton,WA,101379.0,47.4758,-122.1905
Richland,WA,56243.0,46.2826,-119.2937
Ridgefield,WA,7117.0,45.8116,-122.7052
Ritzville,WA,1637.0,47.1254,-118.3808
Riverside,WA,273.0,48.5047,-119.5102
Rochester,WA,2923.0,46.8288,-123.0722
Seattle,WA,3643765.0,47.6211,-122.3244
Shelton,WA,19296.0,47.2188,-123.1127
Shoreline,WA,56189.0,47.7564,-122.3426
Snohomish,WA,10089.0,47.9277,-122.097
Spanaway,WA,30528.0,47.0979,-122.4233
Spokane,WA,403043.0,47.6671,-117.433
Spokane Valley,WA,97847.0,47.6625,-117.2346
Stanwood,WA,7161.0,48.2451,-122.3426
Sumas,WA,1464.0,48.9956,-122.2695
Tacoma,WA,213418.0,47.2431,-122.4531
Thurston County,WA,4178.0,,
Toppenish,WA,14441.0,46.3807,-120.3125
Tukwila,WA,20144.0,47.4748,-122.2727
Vancouver,WA,175673.0,45.6367,-122.597
Walla Walla,WA,57779.0,46.0669,-118.3365
Wapato,WA,7686.0,46.4434,-120.4215
Wenatchee,WA,71512.0,47.4338,-120.3286
Woodland,WA,6531.0,45.9149,-122.7503
Yakima,WA,133233.0,46.5923,-120.5496
Antigo,WI,7708.0,45.1415,-89.1556
Appleton,WI,222222.0,44.2774,-88.3894
Arpin,WI,313.0,44.5393,-90.0315
Ashland,WI,6944.0,46.5801,-90.8715
Ashwaubenon,WI,17271.0,44.4796,-88.0889
Beaver Dam,WI,18003.0,43.4688,-88.8311
Beloit,WI,63498.0,42.523,-89.0184
Black River Falls,WI,5490.0,44.2981,-90.8419
Caledonia,WI,25002.0,42.7986,-87.8762
Clark County,WI,4178.0,,
Corning,WI,869.0,,
Crandon,WI,1844.0,45.5686,-88.8973
East Troy,WI,4355.0,42.7848,-88.3973
Eau Claire,WI,107068.0,44.82,-91.4951
Elkhorn,WI,12322.0,42.6711,-88.5377
Fairchild,WI,589.0,44.6036,-90.9577
Fond du Lac,WI,54629.0,43.7718,-88.4397
Fox Crossing,WI,10980.0,44.2236,-88.4787
Franklin,WI,36143.0,42.8854,-88.0104
Geneva,WI,5040.0,,
Green Bay,WI,208625.0,44.515,-87.9896
Greenfield,WI,36827.0,42.9619,-88.0051
Hawkins,WI,285.0,45.5114,-90.7148
Jackson,WI,7107.0,43.3244,-88.1668
Kaukauna,WI,16086.0,44.2778,-88.2645
Kenosha,WI,124888.0,42.5864,-87.8762
La Crosse,WI,101886.0,43.8241,-91.2268
Lake Hallie,WI,6716.0,44.8921,-91.42
Leon,WI,1150.0,,
Leon,WI,1452.0,,
Loyal,WI,1238.0,44.7366,-90.4959
Madison,WI,439553.0,43.0827,-89.3923
Manitowoc,WI,44932.0,44.0991,-87.6811
Menasha,WI,17748.0,44.2125,-88.4271
Millston,WI,102.0,44.1885,-90.6447
Milwaukee,WI,1377808.0,43.0642,-87.9673
Monroe,WI,10658.0,42.603,-89.6381
Mount Hope,WI,221.0,42.9697,-90.8596
Neenah,WI,25951.0,44.167,-88.4763
New London,WI,7448.0,44.395,-88.7394
Odanah,WI,0.0,46.6121,-90.6992
Oshkosh,WI,75154.0,44.0228,-88.5617
Paddock Lake,WI,2978.0,42.5707,-88.1044
Pardeeville,WI,2067.0,43.5359,-89.301
Pembine,WI,123.0,45.6367,-87.9918
Peshtigo,WI,3314.0,45.0556,-87.7476
Pine River,WI,159.0,44.1483,-89.0757
Racine,WI,131467.0,42.7274,-87.8135
Rib Mountain,WI,6068.0,44.9196,-89.6771
Sheboygan,WI,69920.0,43.7403,-87.7316
Sparta,WI,10054.0,43.9376,-90.813
St. Croix,WI,4178.0,,
Suring,WI,524.0,45.0007,-88.3693
Two Rivers,WI,11153.0,44.1564,-87.5824
Watertown,WI,23145.0,43.1893,-88.7285
Waukesha,WI,72489.0,43.0087,-88.2464
Wausau,WI,73933.0,44.9615,-89.6457
Wauwatosa,WI,48277.0,43.0615,-88.0347
West Allis,WI,59934.0,43.0068,-88.0296
West Kewaunee,WI,1338.0,,
Weston,WI,15167.0,44.8906,-89.5487
York,WI,873.0,,
York,WI,691.0,,
York,WI,938.0,,
Augusta,WV,4178.0,,
Beckley,WV,59629.0,37.7877,-81.184
Bluefield,WV,41653.0,37.2608,-81.2143
Brandywine,WV,110.0,38.6219,-79.2413
Braxton County,WV,4178.0,,
Buckhannon,WV,8560.0,38.9927,-80.2282
Charleston,WV,142858.0,38.3484,-81.6323
Clarksburg,WV,41453.0,39.2863,-80.323
Clendenin,WV,1142.0,38.4859,-81.3503
Cross Lanes,WV,9835.0,38.4351,-81.7706
Drennen,WV,4178.0,,
Elkins,WV,10988.0,38.9237,-79.8541
Fairmont,WV,32988.0,39.4768,-80.1491
Follansbee,WV,2765.0,40.3385,-80.5975
Fort Ashby,WV,1449.0,39.4973,-78.7646
Frametown,WV,4178.0,,
Gerrardstown,WV,4178.0,,
Grafton,WV,5823.0,39.341,-80.0161
Hensley,WV,4178.0,,
Hometown,WV,540.0,38.5288,-81.8552
Huntington,WV,194155.0,38.4109,-82.4344
Hurricane,WV,6542.0,38.4294,-82.0169
Inwood,WV,2999.0,39.3538,-78.0552
Mannington,WV,2043.0,39.5274,-80.3408
Meadow Bridge,WV,352.0,37.8613,-80.8561
Monongalia,WV,4178.0,,
Montcalm,WV,546.0,37.3516,-81.2515
Montgomery,WV,4434.0,38.1741,-81.3241
Morgantown,WV,72453.0,39.6379,-79.9468
Mount Hope,WV,1310.0,37.8987,-81.1745
Nitro,WV,6561.0,38.4119,-81.8194
Nutter Fort,WV,1540.0,39.2604,-80.3265
Ona,WV,4178.0,,
Pentress,WV,320.0,39.7101,-80.1685
Petroleum,WV,4178.0,,
Pocahontas County,WV,4178.0,,
Princeton,WV,5822.0,37.3688,-81.0961
Reynoldsville,WV,4178.0,,
Scarbo,WV,4178.0,,
Sissonville,WV,4617.0,38.5042,-81.6398
Spencer,WV,2714.0,38.8025,-81.3531
Valley Head,WV,316.0,38.5472,-80.032
Walton,WV,4178.0,,
Weirton,WV,67082.0,40.406,-80.5671
Welch,WV,2240.0,37.4455,-81.5721
West Milford,WV,609.0,39.2044,-80.4034
Casper,WY,67462.0,42.842,-106.3207
Cheyenne,WY,78728.0,41.1405,-104.7927
Douglas,WY,6407.0,42.7541,-105.3968
Gillette,WY,34378.0,44.2752,-105.4984
Laramie,WY,33508.0,41.3099,-105.6085
Rawlins,WY,8869.0,41.7849,-107.2265
Riverton,WY,12776.0,43.0425,-108.4142
